,rank,watchlist,date_updated
0,6,378652,2021-11-29 21:00
1,20,378712,2021-11-29 23:00
2,13,378729,2021-11-30 00:00
3,13,378749,2021-11-30 01:00
4,11,378769,2021-11-30 02:00
5,10,378785,2021-11-30 03:00
6,17,378808,2021-11-30 04:00
7,24,378808,2021-11-30 05:00
8,20,378817,2021-11-30 06:00
9,12,378830,2021-11-30 07:00
10,17,378837,2021-11-30 08:00
11,21,378848,2021-11-30 09:00
12,30,381099,2021-12-10 14:00
13,19,381563,2021-12-14 14:00
14,6,381759,2021-12-15 20:00
15,3,381774,2021-12-15 21:00
16,6,381797,2021-12-15 22:00
17,4,381821,2021-12-15 23:00
18,3,381857,2021-12-16 00:00
19,6,381875,2021-12-16 01:00
20,7,381892,2021-12-16 02:00
21,10,381894,2021-12-16 03:00
22,9,381908,2021-12-16 04:00
23,13,381912,2021-12-16 05:00
24,12,381912,2021-12-16 06:00
25,14,382028,2021-12-16 17:00
26,8,382054,2021-12-16 18:00
27,8,382072,2021-12-16 19:00
28,14,382770,2021-12-21 18:00
29,4,382788,2021-12-21 19:00
30,14,382806,2021-12-21 20:00
31,15,382831,2021-12-21 22:00
32,28,382887,2021-12-22 08:00
33,13,382959,2021-12-22 17:00
34,12,383214,2021-12-23 17:00
35,29,383751,2021-12-27 17:00
36,20,383776,2021-12-27 18:00
37,18,383785,2021-12-27 19:00
38,16,384019,2021-12-28 13:00
39,6,384026,2021-12-28 14:00
40,29,384155,2021-12-28 21:00
41,30,384519,2021-12-30 07:00
42,25,384527,2021-12-30 08:00
43,29,384543,2021-12-30 10:00
44,28,384732,2021-12-30 22:00
45,15,384741,2021-12-30 23:00
46,10,384750,2021-12-31 00:00
47,2,384736,2021-12-31 01:00
48,8,384748,2021-12-31 02:00
49,13,384752,2021-12-31 03:00
50,8,384752,2021-12-31 04:00
51,15,384758,2021-12-31 05:00
52,13,384774,2021-12-31 06:00
53,16,384788,2021-12-31 07:00
54,24,384804,2021-12-31 08:00
55,12,384827,2021-12-31 09:00
56,22,384850,2021-12-31 10:00
57,18,384874,2021-12-31 11:00
58,13,384914,2021-12-31 13:00
59,28,384935,2021-12-31 14:00
60,27,384967,2021-12-31 15:00
61,18,385433,2022-01-03 05:00
62,15,385579,2022-01-03 16:00
63,27,385709,2022-01-04 07:00
64,28,385733,2022-01-04 09:00
65,15,385756,2022-01-04 10:00
66,22,385784,2022-01-04 11:00
67,6,385854,2022-01-04 16:00
68,2,385892,2022-01-04 17:00
69,14,385935,2022-01-04 18:00
70,22,386204,2022-01-05 09:00
71,27,386214,2022-01-05 10:00
72,22,386301,2022-01-05 18:00
73,30,386404,2022-01-06 04:00
74,18,386434,2022-01-06 05:00
75,23,386446,2022-01-06 06:00
76,18,386454,2022-01-06 07:00
77,18,386454,2022-01-06 08:00
78,13,386467,2022-01-06 10:00
79,14,386478,2022-01-06 11:00
80,10,386489,2022-01-06 12:00
81,12,387145,2022-01-10 09:00
82,11,387151,2022-01-10 10:00
83,8,387163,2022-01-10 11:00
84,7,387174,2022-01-10 12:00
85,5,387183,2022-01-10 13:00
86,6,387194,2022-01-10 14:00
87,24,387204,2022-01-10 15:00
88,14,387220,2022-01-10 18:00
89,12,387243,2022-01-10 20:00
90,30,387248,2022-01-10 22:00
91,22,387334,2022-01-11 05:00
92,24,387340,2022-01-11 06:00
93,8,387373,2022-01-11 10:00
94,7,387388,2022-01-11 11:00
95,6,387388,2022-01-11 12:00
96,20,387497,2022-01-11 17:00
97,16,387579,2022-01-12 07:00
98,16,387628,2022-01-12 09:00
99,20,387757,2022-01-12 14:00
100,25,387791,2022-01-12 15:00
101,29,387960,2022-01-13 08:00
102,14,387969,2022-01-13 09:00
103,19,389093,2022-01-18 05:00
104,5,389111,2022-01-18 06:00
105,2,389127,2022-01-18 07:00
106,2,389158,2022-01-18 08:00
107,2,389183,2022-01-18 09:00
108,2,389199,2022-01-18 10:00
109,7,389216,2022-01-18 11:00
110,11,389237,2022-01-18 12:00
111,27,389592,2022-01-20 02:00
112,25,389590,2022-01-20 03:00
113,8,389637,2022-01-20 10:00
114,4,389648,2022-01-20 11:00
115,2,389687,2022-01-20 12:00
116,2,389700,2022-01-20 13:00
117,2,389727,2022-01-20 14:00
118,12,389772,2022-01-20 15:00
119,9,389902,2022-01-20 21:00
120,21,389928,2022-01-20 22:00
121,16,389945,2022-01-20 23:00
122,13,389955,2022-01-21 00:00
123,13,389968,2022-01-21 01:00
124,14,389979,2022-01-21 02:00
125,16,389989,2022-01-21 03:00
126,17,390005,2022-01-21 04:00
127,16,390014,2022-01-21 05:00
128,19,390020,2022-01-21 06:00
129,24,390466,2022-01-23 08:00
130,19,390701,2022-01-24 15:00
131,29,390746,2022-01-24 18:00
132,29,390758,2022-01-24 19:00
133,20,390797,2022-01-24 21:00
134,19,390859,2022-01-25 05:00
135,20,390867,2022-01-25 06:00
136,18,391131,2022-01-26 01:00
137,10,391137,2022-01-26 02:00
138,11,391148,2022-01-26 03:00
139,17,391219,2022-01-26 11:00
140,6,391382,2022-01-26 20:00
141,22,391383,2022-01-26 21:00
142,22,391383,2022-01-26 22:00
143,24,391390,2022-01-26 23:00
144,7,391477,2022-01-27 10:00
145,1,391497,2022-01-27 11:00
146,1,391627,2022-01-27 12:00
147,1,391642,2022-01-27 13:00
148,3,391692,2022-01-27 14:00
149,7,391735,2022-01-27 15:00
150,6,391791,2022-01-27 16:00
151,6,391832,2022-01-27 17:00
152,2,391813,2022-01-27 18:00
153,3,391862,2022-01-27 19:00
154,6,391883,2022-01-27 20:00
155,8,391923,2022-01-27 21:00
156,6,391939,2022-01-27 22:00
157,10,391975,2022-01-27 23:00
158,11,391965,2022-01-28 00:00
159,13,391979,2022-01-28 01:00
160,11,391992,2022-01-28 02:00
161,7,392002,2022-01-28 03:00
162,5,392012,2022-01-28 04:00
163,4,392026,2022-01-28 05:00
164,4,392036,2022-01-28 06:00
165,9,392050,2022-01-28 07:00
166,9,392061,2022-01-28 08:00
167,23,392070,2022-01-28 09:00
168,30,392104,2022-01-28 13:00
169,22,392162,2022-01-28 15:00
170,20,392196,2022-01-28 16:00
171,7,392304,2022-01-28 20:00
172,15,392325,2022-01-28 21:00
173,13,392333,2022-01-28 22:00
174,12,392340,2022-01-28 23:00
175,19,392339,2022-01-29 00:00
176,26,392348,2022-01-29 01:00
177,11,392359,2022-01-29 02:00
178,11,392367,2022-01-29 03:00
179,16,392781,2022-01-31 06:00
180,21,393078,2022-02-01 01:00
181,29,393093,2022-02-01 02:00
182,18,393105,2022-02-01 03:00
183,5,393122,2022-02-01 04:00
184,5,393138,2022-02-01 05:00
185,8,393167,2022-02-01 06:00
186,6,393196,2022-02-01 07:00
187,6,393226,2022-02-01 08:00
188,6,393243,2022-02-01 09:00
189,7,393259,2022-02-01 10:00
190,26,393520,2022-02-01 19:00
191,5,393593,2022-02-01 20:00
192,1,393650,2022-02-01 21:00
193,1,393777,2022-02-01 22:00
194,1,393965,2022-02-01 23:00
195,1,394048,2022-02-02 00:00
196,1,394075,2022-02-02 01:00
197,1,394139,2022-02-02 02:00
198,1,394174,2022-02-02 03:00
199,1,394215,2022-02-02 04:00
200,1,394253,2022-02-02 05:00
201,1,394289,2022-02-02 06:00
202,1,394309,2022-02-02 07:00
203,1,394325,2022-02-02 08:00
204,1,394343,2022-02-02 09:00
205,2,394371,2022-02-02 10:00
206,3,394397,2022-02-02 11:00
207,7,394424,2022-02-02 12:00
208,2,394467,2022-02-02 13:00
209,3,394555,2022-02-02 14:00
210,2,394622,2022-02-02 15:00
211,6,394650,2022-02-02 16:00
212,5,394703,2022-02-02 17:00
213,12,394738,2022-02-02 18:00
214,8,394783,2022-02-02 19:00
215,21,394782,2022-02-02 20:00
216,26,395100,2022-02-03 16:00
217,17,396522,2022-02-10 14:00
218,27,396586,2022-02-10 19:00
219,1,396991,2022-02-11 21:00
220,24,397071,2022-02-11 22:00
221,12,397701,2022-02-14 14:00
222,26,397725,2022-02-14 15:00
223,29,398038,2022-02-15 17:00
224,14,398234,2022-02-16 18:00
225,28,398265,2022-02-16 19:00
226,29,398781,2022-02-18 20:00
227,28,399955,2022-02-24 08:00
228,25,399954,2022-02-24 09:00
229,17,399959,2022-02-24 10:00
230,4,401071,2022-03-01 19:00
231,17,401598,2022-03-04 04:00
232,13,401604,2022-03-04 05:00
233,21,401613,2022-03-04 07:00
234,27,401619,2022-03-04 08:00
235,29,401620,2022-03-04 09:00
236,24,403684,2022-03-15 15:00
237,9,403997,2022-03-17 14:00
238,4,404031,2022-03-17 17:00
239,1,404046,2022-03-17 18:00
240,4,404082,2022-03-17 19:00
241,25,403564,2022-03-17 20:00
242,12,403565,2022-03-17 21:00
243,7,404265,2022-03-18 14:00
244,22,404272,2022-03-18 15:00
245,10,404279,2022-03-18 18:00
246,19,404743,2022-03-21 14:00
247,15,405052,2022-03-22 14:00
248,3,405095,2022-03-22 17:00
249,23,405355,2022-03-23 14:00
250,9,405587,2022-03-24 15:00
251,2,405610,2022-03-24 16:00
252,8,405919,2022-03-25 14:00
253,27,405925,2022-03-25 15:00
254,11,406351,2022-03-28 13:00
255,10,406360,2022-03-28 14:00
256,28,406577,2022-03-29 12:00
257,21,406590,2022-03-29 13:00
258,22,406636,2022-03-29 20:00
259,22,406797,2022-03-30 14:00
260,10,406880,2022-03-30 20:00
261,7,406934,2022-03-31 10:00
262,2,406949,2022-03-31 11:00
263,2,406965,2022-03-31 12:00
264,2,406989,2022-03-31 13:00
265,4,407002,2022-03-31 14:00
266,2,407037,2022-03-31 15:00
267,3,407063,2022-03-31 16:00
268,1,407118,2022-03-31 17:00
269,1,407173,2022-03-31 18:00
270,1,407233,2022-03-31 19:00
271,4,407276,2022-03-31 20:00
272,2,407321,2022-03-31 21:00
273,2,407351,2022-03-31 22:00
274,5,407361,2022-03-31 23:00
275,8,407383,2022-04-01 00:00
276,5,407394,2022-04-01 01:00
277,5,407411,2022-04-01 02:00
278,4,407415,2022-04-01 03:00
279,4,407424,2022-04-01 04:00
280,2,407440,2022-04-01 05:00
281,2,407455,2022-04-01 06:00
282,3,407464,2022-04-01 07:00
283,3,407481,2022-04-01 08:00
284,4,407499,2022-04-01 09:00
285,3,407508,2022-04-01 10:00
286,8,407550,2022-04-01 11:00
287,9,407615,2022-04-01 14:00
288,5,407630,2022-04-01 15:00
289,22,408184,2022-04-04 10:00
290,6,408201,2022-04-04 13:00
291,4,408232,2022-04-04 14:00
292,8,408264,2022-04-04 15:00
293,15,408292,2022-04-04 16:00
294,7,408402,2022-04-04 20:00
295,18,408449,2022-04-04 23:00
296,27,408485,2022-04-05 03:00
297,16,408510,2022-04-05 05:00
298,10,408515,2022-04-05 06:00
299,9,408534,2022-04-05 07:00
300,8,408534,2022-04-05 08:00
301,9,408546,2022-04-05 09:00
302,11,408561,2022-04-05 10:00
303,30,408743,2022-04-06 03:00
304,10,408809,2022-04-06 10:00
305,24,408813,2022-04-06 12:00
306,14,408823,2022-04-06 13:00
307,16,408911,2022-04-06 19:00
308,13,408927,2022-04-06 20:00
309,29,409041,2022-04-07 06:00
310,13,409052,2022-04-07 07:00
311,15,409061,2022-04-07 08:00
312,12,409061,2022-04-07 09:00
313,15,409217,2022-04-07 20:00
314,12,409295,2022-04-08 08:00
315,9,409301,2022-04-08 09:00
316,17,409310,2022-04-08 10:00
317,18,409341,2022-04-08 14:00
318,14,409367,2022-04-08 15:00
319,27,409449,2022-04-08 19:00
320,22,409760,2022-04-11 04:00
321,20,409766,2022-04-11 05:00
322,6,409773,2022-04-11 06:00
323,5,409787,2022-04-11 07:00
324,3,409797,2022-04-11 08:00
325,2,409804,2022-04-11 09:00
326,5,409807,2022-04-11 10:00
327,5,409817,2022-04-11 11:00
328,18,409823,2022-04-11 12:00
329,9,409848,2022-04-11 13:00
330,7,409860,2022-04-11 14:00
331,10,410010,2022-04-12 02:00
332,7,410028,2022-04-12 03:00
333,6,410039,2022-04-12 04:00
334,4,410044,2022-04-12 05:00
335,5,410051,2022-04-12 06:00
336,4,410058,2022-04-12 07:00
337,6,410061,2022-04-12 08:00
338,10,410095,2022-04-12 13:00
339,11,410221,2022-04-12 20:00
340,23,410239,2022-04-12 22:00
341,12,410241,2022-04-12 23:00
342,23,410241,2022-04-13 00:00
343,15,410251,2022-04-13 02:00
344,13,410263,2022-04-13 03:00
345,17,410270,2022-04-13 04:00
346,20,410280,2022-04-13 05:00
347,11,410288,2022-04-13 06:00
348,9,410316,2022-04-13 07:00
349,7,410348,2022-04-13 08:00
350,7,410367,2022-04-13 09:00
351,16,410373,2022-04-13 10:00
352,11,410574,2022-04-14 08:00
353,9,410580,2022-04-14 09:00
354,7,410577,2022-04-14 10:00
355,7,410675,2022-04-14 20:00
356,14,410693,2022-04-14 21:00
357,6,410711,2022-04-14 22:00
358,3,410731,2022-04-14 23:00
359,2,410743,2022-04-15 00:00
360,2,410754,2022-04-15 01:00
361,2,410764,2022-04-15 02:00
362,3,410764,2022-04-15 03:00
363,3,410770,2022-04-15 04:00
364,11,410765,2022-04-15 05:00
365,20,410770,2022-04-15 06:00
366,28,411731,2022-04-21 20:00
367,16,412384,2022-04-25 10:00
368,10,412388,2022-04-25 11:00
369,23,412791,2022-04-27 00:00
370,24,412798,2022-04-27 01:00
371,28,413989,2022-05-03 17:00
372,6,414026,2022-05-03 18:00
373,9,414053,2022-05-03 19:00
374,1,414076,2022-05-03 20:00
375,1,414136,2022-05-03 21:00
376,1,414262,2022-05-03 22:00
377,1,414329,2022-05-03 23:00
378,1,414361,2022-05-04 00:00
379,1,414380,2022-05-04 01:00
380,1,414396,2022-05-04 02:00
381,1,414416,2022-05-04 03:00
382,1,414435,2022-05-04 04:00
383,1,414457,2022-05-04 05:00
384,1,414481,2022-05-04 06:00
385,1,414497,2022-05-04 07:00
386,1,414511,2022-05-04 08:00
387,1,414525,2022-05-04 09:00
388,1,414550,2022-05-04 10:00
389,1,414605,2022-05-04 11:00
390,2,414627,2022-05-04 12:00
391,7,414648,2022-05-04 13:00
392,1,414676,2022-05-04 14:00
393,2,414695,2022-05-04 15:00
394,1,414712,2022-05-04 16:00
395,11,414737,2022-05-04 17:00
396,11,414769,2022-05-04 18:00
397,12,414782,2022-05-04 19:00
398,1,414781,2022-05-04 20:00
399,15,414932,2022-05-05 17:00
400,27,415138,2022-05-06 15:00
401,27,415138,2022-05-06 16:00
402,6,416331,2022-05-13 16:00
403,4,416337,2022-05-13 17:00
404,8,417156,2022-05-17 10:00
405,16,417203,2022-05-17 11:00
406,11,417291,2022-05-17 16:00
407,22,417301,2022-05-17 17:00
408,6,417324,2022-05-17 18:00
409,28,417347,2022-05-17 19:00
410,10,417555,2022-05-18 17:00
411,21,417903,2022-05-20 18:00
412,7,418207,2022-05-23 08:00
413,4,418201,2022-05-23 09:00
414,5,418205,2022-05-23 10:00
415,8,418797,2022-05-26 17:00
416,25,419751,2022-06-02 16:00
417,15,419761,2022-06-02 17:00
418,8,419764,2022-06-02 18:00
419,7,420688,2022-06-08 17:00
420,5,420916,2022-06-09 20:00
421,8,420921,2022-06-09 21:00
422,4,420930,2022-06-09 22:00
423,2,420924,2022-06-09 23:00
424,2,420924,2022-06-10 00:00
425,3,420930,2022-06-10 01:00
426,2,420934,2022-06-10 02:00
427,2,420944,2022-06-10 03:00
428,7,420947,2022-06-10 04:00
429,23,420970,2022-06-10 05:00
430,12,420980,2022-06-10 06:00
431,14,420980,2022-06-10 07:00
432,17,420986,2022-06-10 08:00
433,10,421035,2022-06-10 13:00
434,17,421460,2022-06-13 07:00
435,23,421467,2022-06-13 08:00
436,15,421507,2022-06-13 13:00
437,16,421660,2022-06-14 05:00
438,22,421674,2022-06-14 06:00
439,8,421684,2022-06-14 07:00
440,18,421684,2022-06-14 08:00
441,8,421954,2022-06-15 19:00
442,27,422081,2022-06-16 15:00
443,7,422170,2022-06-16 19:00
444,3,422352,2022-06-17 15:00
445,17,423854,2022-06-23 16:00
446,18,423891,2022-06-23 17:00
447,5,423909,2022-06-23 18:00
448,30,424089,2022-06-24 15:00
449,6,424864,2022-06-28 16:00
450,11,424908,2022-06-28 18:00
451,11,424944,2022-06-28 19:00
452,17,424969,2022-06-28 21:00
453,25,424969,2022-06-28 22:00
454,11,425061,2022-06-29 04:00
455,12,425075,2022-06-29 05:00
456,11,425091,2022-06-29 06:00
457,11,425098,2022-06-29 07:00
458,29,425159,2022-06-29 12:00
459,13,425172,2022-06-29 13:00
460,2,425201,2022-06-29 14:00
461,7,425249,2022-06-29 15:00
462,7,425291,2022-06-29 16:00
463,8,425315,2022-06-29 17:00
464,29,425474,2022-06-30 07:00
465,8,425484,2022-06-30 08:00
466,2,425500,2022-06-30 09:00
467,3,425517,2022-06-30 10:00
468,3,425527,2022-06-30 11:00
469,1,425542,2022-06-30 12:00
470,6,425576,2022-06-30 13:00
471,5,425616,2022-06-30 16:00
472,23,425634,2022-06-30 17:00
473,16,425670,2022-06-30 21:00
474,12,425681,2022-06-30 22:00
475,11,425689,2022-06-30 23:00
476,11,425698,2022-07-01 00:00
477,14,425716,2022-07-01 04:00
478,10,425739,2022-07-01 05:00
479,7,425761,2022-07-01 06:00
480,5,425783,2022-07-01 07:00
481,8,425793,2022-07-01 08:00
482,14,425801,2022-07-01 09:00
483,22,425810,2022-07-01 10:00
484,24,425859,2022-07-01 12:00
485,13,425882,2022-07-01 13:00
486,4,425897,2022-07-01 14:00
487,2,425916,2022-07-01 15:00
488,11,425941,2022-07-01 16:00
489,8,425971,2022-07-01 18:00
490,5,426005,2022-07-01 19:00
491,8,426025,2022-07-01 20:00
492,8,426043,2022-07-01 21:00
493,9,426060,2022-07-01 22:00
494,26,426362,2022-07-03 09:00
495,15,427239,2022-07-06 19:00
496,3,427253,2022-07-06 20:00
497,26,427242,2022-07-06 21:00
498,29,427244,2022-07-06 22:00
499,26,428601,2022-07-14 02:00
500,16,428601,2022-07-14 03:00
501,4,428683,2022-07-14 08:00
502,5,428698,2022-07-14 09:00
503,4,428706,2022-07-14 10:00
504,4,428715,2022-07-14 11:00
505,18,428791,2022-07-14 18:00
506,22,429851,2022-07-19 18:00
507,19,429866,2022-07-19 19:00
508,11,429929,2022-07-20 00:00
509,7,429930,2022-07-20 01:00
510,7,429936,2022-07-20 02:00
511,6,429939,2022-07-20 03:00
512,11,429943,2022-07-20 04:00
513,11,429952,2022-07-20 05:00
514,12,429952,2022-07-20 06:00
515,8,430100,2022-07-20 20:00
516,24,430323,2022-07-21 17:00
517,26,430379,2022-07-22 00:00
518,30,430388,2022-07-22 03:00
519,21,430417,2022-07-22 05:00
520,21,430418,2022-07-22 06:00
521,30,431830,2022-07-27 19:00
522,20,431846,2022-07-27 20:00
523,25,432014,2022-07-28 21:00
524,11,432029,2022-07-28 22:00
525,8,432035,2022-07-28 23:00
526,6,432051,2022-07-29 00:00
527,7,432060,2022-07-29 01:00
528,14,432066,2022-07-29 02:00
529,15,432066,2022-07-29 03:00
530,10,432091,2022-07-29 04:00
531,7,432095,2022-07-29 05:00
532,8,432110,2022-07-29 06:00
533,8,432117,2022-07-29 07:00
534,9,432113,2022-07-29 08:00
535,30,432118,2022-07-29 09:00
536,25,432178,2022-07-29 14:00
537,21,432178,2022-07-29 15:00
538,19,432251,2022-07-29 18:00
539,20,432251,2022-07-29 19:00
540,25,432734,2022-08-01 04:00
541,17,432788,2022-08-01 06:00
542,15,432808,2022-08-01 07:00
543,13,432900,2022-08-01 13:00
544,11,432966,2022-08-01 15:00
545,21,433200,2022-08-02 01:00
546,21,433200,2022-08-02 02:00
547,13,433207,2022-08-02 03:00
548,11,433207,2022-08-02 04:00
549,5,433217,2022-08-02 05:00
550,5,433225,2022-08-02 06:00
551,3,433243,2022-08-02 07:00
552,3,433252,2022-08-02 08:00
553,6,433270,2022-08-02 09:00
554,4,433281,2022-08-02 10:00
555,9,433286,2022-08-02 11:00
556,17,433388,2022-08-02 15:00
557,4,433408,2022-08-02 16:00
558,3,433436,2022-08-02 17:00
559,3,433466,2022-08-02 18:00
560,4,433500,2022-08-02 19:00
561,4,433567,2022-08-02 20:00
562,2,433567,2022-08-02 21:00
563,1,433735,2022-08-02 22:00
564,1,433751,2022-08-02 23:00
565,1,433751,2022-08-03 00:00
566,1,433783,2022-08-03 01:00
567,1,433795,2022-08-03 02:00
568,1,433733,2022-08-03 03:00
569,1,433733,2022-08-03 04:00
570,1,433737,2022-08-03 05:00
571,2,433739,2022-08-03 06:00
572,2,433748,2022-08-03 07:00
573,2,433748,2022-08-03 08:00
574,2,433767,2022-08-03 09:00
575,2,433779,2022-08-03 10:00
576,2,433789,2022-08-03 11:00
577,2,433789,2022-08-03 12:00
578,2,433838,2022-08-03 13:00
579,2,433865,2022-08-03 14:00
580,4,433905,2022-08-03 15:00
581,7,433911,2022-08-03 16:00
582,21,433920,2022-08-03 17:00
583,17,433920,2022-08-03 18:00
584,21,433927,2022-08-03 19:00
585,17,434128,2022-08-04 15:00
586,2,434150,2022-08-04 16:00
587,4,434169,2022-08-04 17:00
588,12,434169,2022-08-04 18:00
589,16,434194,2022-08-04 19:00
590,24,434903,2022-08-08 14:00
591,15,435112,2022-08-09 17:00
592,23,435278,2022-08-10 13:00
593,28,435278,2022-08-10 14:00
594,30,436990,2022-08-18 16:00
595,28,439900,2022-09-01 01:00
596,22,439903,2022-09-01 02:00
597,23,439919,2022-09-01 03:00
598,19,439925,2022-09-01 04:00
599,15,439925,2022-09-01 05:00
600,14,439948,2022-09-01 06:00
601,14,439952,2022-09-01 07:00
602,25,439973,2022-09-01 08:00
603,30,440010,2022-09-01 10:00
604,15,440032,2022-09-01 11:00
605,16,440041,2022-09-01 12:00
606,19,440131,2022-09-01 16:00
607,18,440206,2022-09-01 19:00
608,29,440553,2022-09-03 08:00
609,8,440553,2022-09-03 09:00
610,21,440838,2022-09-04 09:00
611,25,440958,2022-09-05 04:00
612,10,440968,2022-09-05 05:00
613,28,440994,2022-09-05 06:00
614,11,441023,2022-09-05 07:00
615,3,441033,2022-09-05 08:00
616,1,441060,2022-09-05 09:00
617,1,441072,2022-09-05 10:00
618,8,441072,2022-09-05 11:00
619,18,442391,2022-09-13 13:00
620,4,442489,2022-09-13 20:00
621,13,442503,2022-09-13 21:00
622,11,442510,2022-09-13 22:00
623,10,442510,2022-09-13 23:00
624,11,442516,2022-09-14 00:00
625,21,442557,2022-09-14 12:00
626,17,442653,2022-09-15 10:00
627,9,442653,2022-09-15 11:00
628,7,442693,2022-09-15 12:00
629,17,442730,2022-09-15 16:00
630,11,442728,2022-09-15 18:00
631,14,443198,2022-09-19 08:00
632,7,443198,2022-09-19 09:00
633,5,443204,2022-09-19 10:00
634,6,443212,2022-09-19 11:00
635,20,443631,2022-09-21 19:00
636,11,443653,2022-09-21 20:00
637,27,443669,2022-09-21 22:00
638,17,443740,2022-09-22 15:00
639,19,443751,2022-09-22 16:00
640,7,443779,2022-09-22 17:00
641,9,443779,2022-09-22 18:00
642,2,443826,2022-09-22 19:00
643,3,443862,2022-09-22 20:00
644,3,443887,2022-09-22 21:00
645,4,443887,2022-09-22 22:00
646,5,443899,2022-09-22 23:00
647,11,443912,2022-09-23 00:00
648,26,443924,2022-09-23 01:00
649,23,443934,2022-09-23 05:00
650,15,443941,2022-09-23 07:00
651,7,443947,2022-09-23 08:00
652,3,443943,2022-09-23 09:00
653,2,443954,2022-09-23 10:00
654,4,443963,2022-09-23 11:00
655,4,443976,2022-09-23 12:00
656,1,443981,2022-09-23 13:00
657,12,444004,2022-09-23 14:00
658,12,444044,2022-09-23 15:00
659,12,444044,2022-09-23 16:00
660,14,444344,2022-09-26 17:00
661,20,444430,2022-09-27 09:00
662,12,444469,2022-09-27 17:00
663,20,444687,2022-09-29 15:00
664,12,444705,2022-09-29 16:00
665,2,444713,2022-09-29 17:00
666,1,444737,2022-09-29 18:00
667,2,444737,2022-09-29 19:00
668,7,444767,2022-09-29 21:00
669,15,444771,2022-09-29 22:00
670,7,445499,2022-10-06 21:00
671,2,445499,2022-10-06 22:00
672,1,445535,2022-10-06 23:00
673,1,445545,2022-10-07 00:00
674,1,445552,2022-10-07 01:00
675,1,445569,2022-10-07 02:00
676,1,445577,2022-10-07 03:00
677,1,445577,2022-10-07 04:00
678,1,445592,2022-10-07 05:00
679,1,445608,2022-10-07 06:00
680,1,445608,2022-10-07 07:00
681,1,445616,2022-10-07 08:00
682,1,445620,2022-10-07 09:00
683,1,445620,2022-10-07 10:00
684,1,445624,2022-10-07 11:00
685,2,445637,2022-10-07 12:00
686,2,445656,2022-10-07 13:00
687,1,445672,2022-10-07 14:00
688,1,445712,2022-10-07 15:00
689,1,445712,2022-10-07 16:00
690,1,445863,2022-10-07 17:00
691,2,445863,2022-10-07 18:00
692,1,445926,2022-10-07 19:00
693,1,445999,2022-10-07 21:00
694,1,446014,2022-10-07 22:00
695,1,446002,2022-10-07 23:00
696,1,446021,2022-10-08 00:00
697,2,446027,2022-10-08 01:00
698,2,446042,2022-10-08 02:00
699,3,446059,2022-10-08 03:00
700,3,446080,2022-10-08 04:00
701,3,446064,2022-10-08 05:00
702,3,446068,2022-10-08 06:00
703,4,446068,2022-10-08 07:00
704,3,446073,2022-10-08 08:00
705,4,446079,2022-10-08 09:00
706,27,446458,2022-10-10 06:00
707,6,446475,2022-10-10 10:00
708,21,446489,2022-10-10 11:00
709,29,446661,2022-10-10 18:00
710,28,447013,2022-10-13 13:00
711,13,447033,2022-10-13 16:00
712,17,447124,2022-10-14 14:00
713,2,448861,2022-11-01 20:00
714,1,448861,2022-11-01 21:00
715,1,448929,2022-11-01 22:00
716,1,448953,2022-11-01 23:00
717,1,448967,2022-11-02 00:00
718,1,448977,2022-11-02 01:00
719,4,448983,2022-11-02 02:00
720,4,448994,2022-11-02 03:00
721,6,449002,2022-11-02 04:00
722,5,449010,2022-11-02 05:00
723,3,449010,2022-11-02 06:00
724,2,449015,2022-11-02 07:00
725,4,449028,2022-11-02 08:00
726,6,449033,2022-11-02 09:00
727,7,449033,2022-11-02 10:00
728,21,449035,2022-11-02 11:00
729,2,449055,2022-11-02 12:00
730,1,449064,2022-11-02 13:00
731,1,449079,2022-11-02 14:00
732,5,449094,2022-11-02 15:00
733,29,449168,2022-11-03 15:00
734,17,449571,2022-11-10 16:00
735,6,449584,2022-11-10 19:00
736,19,449665,2022-11-11 17:00
737,4,449670,2022-11-11 18:00
738,28,449678,2022-11-11 19:00
739,22,449793,2022-11-14 08:00
740,18,449797,2022-11-14 09:00
741,15,449798,2022-11-14 10:00
742,13,449835,2022-11-14 16:00
743,15,449877,2022-11-15 08:00
744,17,449881,2022-11-15 09:00
745,8,449884,2022-11-15 10:00
746,10,449888,2022-11-15 11:00
747,24,449949,2022-11-16 05:00
748,18,449949,2022-11-16 06:00
749,30,449955,2022-11-16 08:00
750,22,449955,2022-11-16 09:00
751,25,450642,2022-11-28 11:00
752,12,450909,2022-12-06 20:00
753,26,451033,2022-12-09 07:00
754,15,451042,2022-12-09 15:00
755,20,451154,2022-12-13 18:00
756,11,451172,2022-12-14 07:00
757,15,451172,2022-12-14 08:00
758,19,451367,2022-12-20 07:00
759,11,451367,2022-12-20 08:00
760,10,451374,2022-12-20 09:00
761,6,451374,2022-12-20 10:00
762,22,451375,2022-12-20 11:00
763,4,451433,2022-12-22 16:00
764,12,451447,2022-12-22 17:00
765,26,451457,2022-12-22 18:00
766,11,451913,2023-01-05 03:00
767,2,451918,2023-01-05 04:00
768,2,451929,2023-01-05 05:00
769,1,451934,2023-01-05 06:00
770,1,451934,2023-01-05 07:00
771,2,451942,2023-01-05 08:00
772,4,451947,2023-01-05 09:00
773,11,451963,2023-01-05 21:00
774,15,451989,2023-01-06 15:00
775,7,451997,2023-01-06 16:00
776,17,452003,2023-01-06 18:00
777,7,451999,2023-01-06 19:00
778,11,452002,2023-01-06 20:00
779,26,452005,2023-01-06 22:00
780,22,452197,2023-01-11 13:00
781,27,452231,2023-01-11 23:00
782,13,452230,2023-01-12 00:00
783,10,452233,2023-01-12 01:00
784,15,452263,2023-01-12 14:00
785,17,452269,2023-01-12 15:00
786,4,452275,2023-01-12 18:00
787,18,452291,2023-01-12 19:00
788,23,452456,2023-01-17 09:00
789,18,452455,2023-01-17 10:00
790,25,452503,2023-01-19 10:00
791,9,452506,2023-01-19 17:00
792,6,452624,2023-01-23 10:00
793,4,452628,2023-01-23 11:00
794,6,452630,2023-01-23 12:00
795,9,452634,2023-01-23 14:00
796,15,452642,2023-01-23 15:00
797,7,452651,2023-01-23 16:00
798,3,452664,2023-01-23 17:00
799,16,452679,2023-01-23 18:00
800,11,452690,2023-01-23 19:00
801,9,452692,2023-01-23 21:00
802,8,452710,2023-01-23 22:00
803,4,452718,2023-01-23 23:00
804,3,452722,2023-01-24 00:00
805,2,452726,2023-01-24 01:00
806,1,452743,2023-01-24 02:00
807,1,452743,2023-01-24 03:00
808,16,452751,2023-01-24 04:00
809,15,452767,2023-01-24 10:00
810,4,452766,2023-01-24 11:00
811,1,452770,2023-01-24 12:00
812,5,452781,2023-01-24 13:00
813,1,452790,2023-01-24 14:00
814,13,452793,2023-01-24 15:00
815,30,452828,2023-01-25 10:00
816,18,452848,2023-01-25 19:00
817,13,452848,2023-01-25 20:00
818,5,452888,2023-01-26 10:00
819,23,452891,2023-01-26 11:00
820,4,452933,2023-01-26 22:00
821,3,452950,2023-01-26 23:00
822,3,452951,2023-01-27 00:00
823,3,452959,2023-01-27 01:00
824,3,452959,2023-01-27 02:00
825,3,452963,2023-01-27 03:00
826,6,452966,2023-01-27 04:00
827,9,452972,2023-01-27 05:00
828,13,452989,2023-01-27 13:00
829,22,453000,2023-01-27 14:00
830,19,453010,2023-01-27 15:00
831,28,453017,2023-01-27 17:00
832,9,453189,2023-01-30 09:00
833,13,453191,2023-01-30 10:00
834,16,453301,2023-01-31 08:00
835,9,453306,2023-01-31 09:00
836,6,453311,2023-01-31 10:00
837,12,453312,2023-01-31 11:00
838,11,453319,2023-01-31 12:00
839,12,453360,2023-01-31 16:00
840,8,453376,2023-01-31 17:00
841,3,453396,2023-01-31 18:00
842,3,453412,2023-01-31 19:00
843,4,453442,2023-01-31 20:00
844,1,453468,2023-01-31 21:00
845,1,453559,2023-01-31 22:00
846,1,453575,2023-01-31 23:00
847,1,453590,2023-02-01 00:00
848,1,453592,2023-02-01 01:00
849,1,453602,2023-02-01 02:00
850,1,453602,2023-02-01 03:00
851,1,453622,2023-02-01 04:00
852,4,453626,2023-02-01 05:00
853,7,453627,2023-02-01 06:00
854,7,453635,2023-02-01 07:00
855,1,453642,2023-02-01 08:00
856,1,453648,2023-02-01 09:00
857,2,453653,2023-02-01 10:00
858,2,453657,2023-02-01 11:00
859,2,453675,2023-02-01 12:00
860,2,453687,2023-02-01 13:00
861,2,453698,2023-02-01 14:00
862,2,453716,2023-02-01 15:00
863,1,453733,2023-02-01 16:00
864,2,453758,2023-02-01 17:00
865,2,453775,2023-02-01 18:00
866,1,453797,2023-02-01 19:00
867,3,453797,2023-02-01 20:00
868,10,453807,2023-02-01 21:00
869,20,453815,2023-02-01 22:00
870,10,453854,2023-02-02 09:00
871,10,453854,2023-02-02 10:00
872,18,453858,2023-02-02 11:00
873,12,455045,2023-03-03 13:00
874,24,455149,2023-03-06 07:00
875,17,455149,2023-03-06 08:00
876,5,455150,2023-03-06 09:00
877,19,455159,2023-03-06 16:00
878,3,455201,2023-03-07 17:00
879,1,455206,2023-03-07 18:00
880,5,455223,2023-03-07 19:00
881,4,455264,2023-03-08 16:00
882,1,455271,2023-03-08 17:00
883,19,455289,2023-03-08 18:00
884,18,455312,2023-03-08 21:00
885,15,455321,2023-03-09 06:00
886,13,455322,2023-03-09 07:00
887,14,455344,2023-03-09 15:00
888,17,455350,2023-03-09 16:00
889,11,455350,2023-03-09 18:00
890,9,455356,2023-03-09 19:00
891,21,455380,2023-03-10 09:00
892,16,455458,2023-03-13 07:00
893,16,455461,2023-03-13 08:00
894,12,455472,2023-03-13 14:00
895,10,455492,2023-03-14 09:00
896,25,455497,2023-03-14 10:00
897,8,455497,2023-03-14 11:00
898,17,455499,2023-03-14 12:00
899,9,455502,2023-03-14 14:00
900,4,455511,2023-03-14 15:00
901,4,455541,2023-03-14 16:00
902,23,455555,2023-03-15 03:00
903,18,455577,2023-03-15 14:00
904,1,455587,2023-03-15 19:00
905,1,455594,2023-03-15 20:00
906,4,455608,2023-03-15 21:00
907,3,455616,2023-03-15 22:00
908,7,455618,2023-03-15 23:00
909,19,455621,2023-03-16 02:00
910,11,455624,2023-03-16 03:00
911,15,455628,2023-03-16 04:00
912,25,455631,2023-03-16 05:00
913,17,455637,2023-03-16 09:00
914,17,455638,2023-03-16 12:00
915,13,455648,2023-03-16 13:00
916,3,455651,2023-03-16 14:00
917,1,455671,2023-03-16 15:00
918,2,455681,2023-03-16 16:00
919,3,455698,2023-03-16 17:00
920,6,455707,2023-03-16 18:00
921,5,455720,2023-03-16 19:00
922,14,455720,2023-03-16 20:00
923,7,455735,2023-03-16 21:00
924,9,455735,2023-03-16 22:00
925,13,455739,2023-03-16 23:00
926,28,455747,2023-03-17 00:00
927,8,455762,2023-03-17 02:00
928,3,455765,2023-03-17 03:00
929,2,455763,2023-03-17 04:00
930,2,455769,2023-03-17 05:00
931,2,455769,2023-03-17 06:00
932,2,455773,2023-03-17 07:00
933,2,455777,2023-03-17 08:00
934,2,455783,2023-03-17 09:00
935,3,455784,2023-03-17 10:00
936,2,455785,2023-03-17 11:00
937,3,455790,2023-03-17 12:00
938,2,455794,2023-03-17 13:00
939,3,455797,2023-03-17 14:00
940,14,455803,2023-03-17 15:00
941,16,455814,2023-03-17 20:00
942,17,455900,2023-03-20 08:00
943,16,455900,2023-03-20 09:00
944,13,455902,2023-03-20 10:00
945,23,455916,2023-03-20 14:00
946,3,456033,2023-03-22 18:00
947,4,456040,2023-03-22 19:00
948,9,456049,2023-03-22 20:00
949,7,456057,2023-03-22 21:00
950,6,456065,2023-03-22 22:00
951,14,456074,2023-03-22 23:00
952,24,456090,2023-03-23 04:00
953,23,456096,2023-03-23 09:00
954,5,456097,2023-03-23 10:00
955,10,456102,2023-03-23 11:00
956,8,456682,2023-04-10 17:00
957,9,456703,2023-04-11 04:00
958,7,456709,2023-04-11 05:00
959,15,456709,2023-04-11 06:00
960,26,456833,2023-04-17 17:00
961,22,456850,2023-04-18 06:00
962,15,456850,2023-04-18 07:00
963,6,456853,2023-04-18 08:00
964,8,456854,2023-04-18 09:00
965,21,456854,2023-04-18 10:00
966,20,456975,2023-04-24 07:00
967,21,456975,2023-04-24 09:00
968,30,457023,2023-04-25 08:00
969,12,457042,2023-04-26 00:00
970,10,457042,2023-04-26 01:00
971,9,457043,2023-04-26 02:00
972,11,457038,2023-04-26 03:00
973,12,457040,2023-04-26 04:00
974,15,457087,2023-04-27 08:00
975,19,457087,2023-04-27 09:00
976,14,457148,2023-04-28 18:00
977,15,457261,2023-05-01 12:00
978,9,457266,2023-05-01 14:00
979,9,457281,2023-05-01 15:00
980,19,457337,2023-05-02 07:00
981,4,457337,2023-05-02 08:00
982,22,457334,2023-05-02 09:00
983,8,457338,2023-05-02 12:00
984,13,457380,2023-05-02 18:00
985,2,457401,2023-05-02 19:00
986,1,457444,2023-05-02 20:00
987,1,457492,2023-05-02 21:00
988,1,457518,2023-05-02 22:00
989,1,457539,2023-05-02 23:00
990,1,457539,2023-05-03 00:00
991,1,457550,2023-05-03 01:00
992,1,457556,2023-05-03 02:00
993,1,457564,2023-05-03 03:00
994,1,457577,2023-05-03 04:00
995,1,457584,2023-05-03 05:00
996,1,457588,2023-05-03 06:00
997,1,457593,2023-05-03 07:00
998,1,457597,2023-05-03 08:00
999,1,457597,2023-05-03 09:00
1000,1,457591,2023-05-03 10:00
1001,1,457599,2023-05-03 11:00
1002,2,457607,2023-05-03 12:00
1003,1,457615,2023-05-03 13:00
1004,2,457629,2023-05-03 14:00
1005,3,457635,2023-05-03 15:00
1006,4,457650,2023-05-03 16:00
1007,1,457658,2023-05-03 17:00
1008,2,457667,2023-05-03 18:00
1009,13,457673,2023-05-03 19:00
1010,1,457712,2023-05-04 18:00
1011,1,457767,2023-05-04 19:00
1012,6,457792,2023-05-04 20:00
1013,6,457810,2023-05-04 21:00
1014,5,458027,2023-05-08 16:00
1015,1,458044,2023-05-08 17:00
1016,10,458133,2023-05-09 15:00
1017,4,458168,2023-05-10 15:00
1018,4,458172,2023-05-10 16:00
1019,6,458312,2023-05-16 14:00
1020,3,458315,2023-05-16 15:00
1021,4,458326,2023-05-16 16:00
1022,3,458349,2023-05-16 17:00
1023,30,458517,2023-05-18 15:00
1024,26,458517,2023-05-18 16:00
1025,13,458517,2023-05-18 17:00
1026,11,458582,2023-05-19 12:00
1027,24,458853,2023-05-24 23:00
1028,22,458866,2023-05-25 00:00
1029,10,458874,2023-05-25 01:00
1030,6,458888,2023-05-25 02:00
1031,3,458902,2023-05-25 04:00
1032,2,458932,2023-05-25 06:00
1033,3,458941,2023-05-25 07:00
1034,2,458941,2023-05-25 07:00
1035,2,458941,2023-05-25 08:00
1036,2,458967,2023-05-25 10:00
1037,6,458998,2023-05-25 13:00
1038,12,459014,2023-05-25 14:00
1039,17,459046,2023-05-25 15:00
1040,28,459057,2023-05-25 16:00
1041,11,459073,2023-05-25 17:00
1042,24,459094,2023-05-25 20:00
1043,21,459154,2023-05-26 05:00
1044,25,459160,2023-05-26 08:00
1045,3,459172,2023-05-26 13:00
1046,16,459202,2023-05-26 16:00
1047,23,459242,2023-05-26 20:00
1048,4,459468,2023-05-30 10:00
1049,9,459480,2023-05-30 11:00
1050,12,460356,2023-06-13 09:00
1051,15,460360,2023-06-13 10:00
1052,17,460361,2023-06-13 11:00
1053,17,460374,2023-06-13 14:00
1054,13,460386,2023-06-13 15:00
1055,26,460401,2023-06-13 16:00
1056,26,460403,2023-06-13 18:00
1057,25,460849,2023-06-15 15:00
1058,27,460862,2023-06-15 16:00
