,Date,subreddit,Redditors,Active,percActive,percGrowth,percPriceChange
0,2023-05-20,AAPL,4122,9,0.22,-0.1,0.0
1,2023-05-21,AAPL,4123,5,0.12,-0.07,0.0
2,2023-05-22,AAPL,4124,2,0.05,-0.05,-0.55
3,2023-05-23,AAPL,4126,2,0.05,0.0,-1.52
4,2023-05-24,AAPL,4127,1,0.02,0.02,0.16
5,2023-05-25,AAPL,4126,5,0.12,-0.02,0.67
6,2023-05-26,AAPL,4125,5,0.12,-0.05,1.41
7,2023-05-27,AAPL,4125,4,0.1,-0.05,0.0
8,2023-05-28,AAPL,4125,2,0.05,-0.05,0.0
9,2023-05-29,AAPL,4126,2,0.05,-0.02,0.0
10,2023-05-30,AAPL,4127,8,0.19,0.0,1.07
11,2023-05-31,AAPL,4127,4,0.1,0.0,-0.03
12,2023-06-01,AAPL,4129,6,0.15,0.05,1.6
13,2023-06-02,AAPL,4130,3,0.07,0.02,0.48
14,2023-06-03,AAPL,4129,8,0.19,-0.02,0.0
15,2023-06-04,AAPL,4129,6,0.15,-0.02,0.0
16,2023-06-05,AAPL,4130,10,0.24,0.0,-0.76
17,2023-06-06,AAPL,4137,8,0.19,0.17,-0.21
18,2023-06-07,AAPL,4139,8,0.19,0.05,-0.78
19,2023-06-08,AAPL,4140,5,0.12,0.02,1.55
20,2023-06-09,AAPL,4140,7,0.17,0.0,0.22
