,date,short_vol,short_exempt_vol,total_vol,percent_shorted
0,2023-06-16,538234.0,17357.0,1265772.0,42.52
1,2023-06-15,1052659.0,57837.0,2488337.0,42.3
2,2023-06-14,1424686.0,108832.0,3219284.0,44.25
3,2023-06-13,3175585.0,125454.0,7412373.0,42.84
4,2023-06-12,1309833.0,112713.0,2957337.0,44.29
5,2023-06-09,1942397.0,231102.0,4624836.0,42.0
6,2023-06-08,4660815.0,238992.0,8867306.0,52.56
7,2023-06-07,3225541.0,130035.0,5365818.0,60.11
8,2023-06-06,918303.0,20098.0,1672951.0,54.89
9,2023-06-05,1071627.0,19861.0,2297297.0,46.65
10,2023-06-02,680659.0,43300.0,1344261.0,50.63
11,2023-06-01,950292.0,14030.0,1695433.0,56.05
12,2023-05-31,791730.0,16863.0,1420066.0,55.75
13,2023-05-30,1028400.0,21673.0,2020070.0,50.91
14,2023-05-26,584800.0,19667.0,979648.0,59.69
15,2023-05-25,552852.0,19201.0,896570.0,61.66
16,2023-05-24,285554.0,4979.0,734090.0,38.9
17,2023-05-23,901228.0,8693.0,1635803.0,55.09
18,2023-05-22,1017627.0,19103.0,2406095.0,42.29
19,2023-05-19,553826.0,15760.0,1158162.0,47.82
20,2023-05-18,392927.0,8513.0,808012.0,48.63
21,2023-05-17,1190262.0,16022.0,1985611.0,59.94
22,2023-05-16,608188.0,12679.0,1026097.0,59.27
23,2023-05-15,440054.0,5494.0,950562.0,46.29
24,2023-05-12,344939.0,12766.0,722444.0,47.75
25,2023-05-11,353071.0,6962.0,715398.0,49.35
26,2023-05-10,382247.0,12339.0,813078.0,47.01
27,2023-05-09,270574.0,9023.0,528596.0,51.19
28,2023-05-08,555311.0,100021.0,1143148.0,48.58
29,2023-05-05,1065819.0,9235.0,1751548.0,60.85
30,2023-05-04,511122.0,8565.0,832562.0,61.39
31,2023-05-03,639051.0,18549.0,985920.0,64.82
32,2023-05-02,434186.0,8526.0,709526.0,61.19
33,2023-05-01,564921.0,3302.0,859104.0,65.76
34,2023-04-28,543354.0,15774.0,915679.0,59.34
35,2023-04-27,492184.0,6092.0,772098.0,63.75
36,2023-04-26,486523.0,7011.0,756537.0,64.31
37,2023-04-25,544831.0,7383.0,862640.0,63.16
38,2023-04-24,768315.0,9085.0,1081395.0,71.05
39,2023-04-21,443151.0,5145.0,705726.0,62.79
40,2023-04-20,768887.0,12097.0,1114129.0,69.01
41,2023-04-19,592758.0,111848.0,888828.0,66.69
42,2023-04-18,673059.0,9651.0,990436.0,67.96
43,2023-04-17,392699.0,7921.0,718328.0,54.67
44,2023-04-14,551885.0,7182.0,892251.0,61.85
45,2023-04-13,309914.0,4347.0,691731.0,44.8
46,2023-04-12,564092.0,10602.0,847727.0,66.54
47,2023-04-11,569132.0,12703.0,978153.0,58.18
48,2023-04-10,521626.0,9266.0,806711.0,64.66
49,2023-04-06,512905.0,7975.0,843059.0,60.84
50,2023-04-05,770459.0,6993.0,1367486.0,56.34
51,2023-04-04,744450.0,5540.0,1316136.0,56.56
52,2023-04-03,887457.0,13063.0,1751500.0,50.67
53,2023-03-31,854459.0,19392.0,1547600.0,55.21
54,2023-03-30,1026410.0,8953.0,1752505.0,58.57
55,2023-03-29,1256937.0,12751.0,2008934.0,62.57
56,2023-03-28,1814207.0,22693.0,2918535.0,62.16
57,2023-03-27,1286091.0,16488.0,2020328.0,63.66
58,2023-03-24,2752184.0,51345.0,4583823.0,60.04
59,2023-03-23,3136031.0,70023.0,5135786.0,61.06
60,2023-03-22,20067622.0,337656.0,33572654.0,59.77
61,2023-03-21,1308068.0,46154.0,2227985.0,58.71
62,2023-03-20,1340347.0,5229.0,1828399.0,73.31
63,2023-03-17,934016.0,8853.0,1221275.0,76.48
64,2023-03-16,750488.0,17955.0,1082957.0,69.3
65,2023-03-15,1177637.0,21383.0,1627571.0,72.36
66,2023-03-14,658296.0,6306.0,1059720.0,62.12
67,2023-03-13,641199.0,6848.0,998993.0,64.18
68,2023-03-10,729944.0,12496.0,1039777.0,70.2
69,2023-03-09,592113.0,5694.0,853274.0,69.39
70,2023-03-08,535710.0,4245.0,807457.0,66.35
71,2023-03-07,490005.0,5914.0,750076.0,65.33
72,2023-03-06,679699.0,14895.0,1047798.0,64.87
73,2023-03-03,583935.0,8861.0,926943.0,63.0
74,2023-03-02,621059.0,9692.0,907335.0,68.45
75,2023-03-01,998780.0,13521.0,1469240.0,67.98
76,2023-02-28,619228.0,17562.0,988953.0,62.61
77,2023-02-27,1229525.0,47198.0,1807626.0,68.02
78,2023-02-24,484214.0,38645.0,748432.0,64.7
79,2023-02-23,633774.0,10803.0,1009351.0,62.79
80,2023-02-22,496700.0,10567.0,772976.0,64.26
81,2023-02-21,672632.0,8133.0,1079699.0,62.3
82,2023-02-17,665110.0,17080.0,1142523.0,58.21
83,2023-02-16,716306.0,23326.0,1353071.0,52.94
84,2023-02-15,1791602.0,80990.0,3121829.0,57.39
85,2023-02-14,627136.0,65106.0,1026892.0,61.07
86,2023-02-13,521717.0,26709.0,894653.0,58.32
87,2023-02-10,817085.0,95782.0,1231428.0,66.35
88,2023-02-09,1075222.0,19583.0,1706186.0,63.02
89,2023-02-08,691283.0,51634.0,1126517.0,61.36
90,2023-02-07,2298123.0,101655.0,3737248.0,61.49
91,2023-02-06,2718117.0,43942.0,4451867.0,61.06
92,2023-02-03,1071595.0,25262.0,1986513.0,53.94
93,2023-02-02,1733714.0,44067.0,2938626.0,59.0
94,2023-02-01,1279576.0,39404.0,1854831.0,68.99
95,2023-01-31,726633.0,9736.0,1154521.0,62.94
96,2023-01-30,1151523.0,23344.0,2088105.0,55.15
97,2023-01-27,3112111.0,257211.0,5196975.0,59.88
98,2023-01-26,925206.0,27431.0,1485461.0,62.28
99,2023-01-25,742819.0,27360.0,1355530.0,54.8
100,2023-01-24,495032.0,9912.0,1033470.0,47.9
101,2023-01-23,1833779.0,47596.0,3715253.0,49.36
102,2023-01-20,803474.0,22566.0,1554221.0,51.7
103,2023-01-19,1139956.0,21047.0,1895675.0,60.13
104,2023-01-18,1430385.0,55356.0,2173963.0,65.8
105,2023-01-17,1240060.0,21650.0,2267801.0,54.68
106,2023-01-13,1394768.0,20919.0,2279116.0,61.2
107,2023-01-12,1324147.0,13113.0,2608509.0,50.76
108,2023-01-11,2599837.0,41245.0,4273916.0,60.83
109,2023-01-10,1204161.0,15348.0,1911627.0,62.99
110,2023-01-09,832272.0,14342.0,1328214.0,62.66
111,2023-01-06,1150061.0,70149.0,1837347.0,62.59
112,2023-01-05,1591224.0,13436.0,2394512.0,66.45
113,2023-01-04,1019270.0,10623.0,1607642.0,63.4
114,2023-01-03,1882148.0,6296.0,2618289.0,71.88
115,2022-12-30,496995.0,7650.0,1040003.0,47.79
116,2022-12-29,662465.0,23633.0,1124744.0,58.9
117,2022-12-28,2187415.0,85256.0,2979272.0,73.42
118,2022-12-27,1152516.0,27953.0,1819788.0,63.33
119,2022-12-23,587280.0,33231.0,1108498.0,52.98
120,2022-12-22,1466891.0,33592.0,2128047.0,68.93
121,2022-12-21,614108.0,8368.0,964381.0,63.68
122,2022-12-20,941652.0,7471.0,1468987.0,64.1
123,2022-12-19,877282.0,3477.0,1259747.0,69.64
124,2022-12-16,835347.0,8724.0,1280407.0,65.24
125,2022-12-15,1035936.0,25702.0,1581365.0,65.51
126,2022-12-14,1026565.0,4648.0,1521063.0,67.49
127,2022-12-13,1738403.0,19880.0,2360037.0,73.66
128,2022-12-12,795515.0,7212.0,1316857.0,60.41
129,2022-12-09,1298555.0,16163.0,1885826.0,68.86
130,2022-12-08,2720936.0,36061.0,4228367.0,64.35
131,2022-12-07,2567896.0,28231.0,3258525.0,78.81
132,2022-12-06,2242475.0,11559.0,2811194.0,79.77
133,2022-12-05,1333730.0,6856.0,1815795.0,73.45
134,2022-12-02,1110869.0,39577.0,1860388.0,59.71
135,2022-12-01,2449010.0,31785.0,3954531.0,61.93
136,2022-11-30,848040.0,20334.0,1298940.0,65.29
137,2022-11-29,516299.0,15683.0,829675.0,62.23
138,2022-11-28,626079.0,3969.0,968092.0,64.67
139,2022-11-25,257130.0,5957.0,435677.0,59.02
140,2022-11-23,620625.0,4105.0,1046517.0,59.3
141,2022-11-22,1087862.0,4859.0,1684495.0,64.58
142,2022-11-21,1198183.0,50561.0,1783687.0,67.17
143,2022-11-18,795098.0,9140.0,1178995.0,67.44
144,2022-11-17,625818.0,6598.0,993972.0,62.96
145,2022-11-16,421745.0,2814.0,787000.0,53.59
146,2022-11-15,1171215.0,22832.0,2059010.0,56.88
147,2022-11-14,952418.0,14425.0,1595607.0,59.69
148,2022-11-11,799757.0,18038.0,1471061.0,54.37
149,2022-11-10,1364419.0,73115.0,2254442.0,60.52
150,2022-11-09,2269301.0,69745.0,3061620.0,74.12
151,2022-11-08,1151832.0,9250.0,1602806.0,71.86
152,2022-11-07,768315.0,8065.0,1174348.0,65.42
153,2022-11-04,1104438.0,10900.0,1568360.0,70.42
154,2022-11-03,768239.0,7028.0,1218520.0,63.05
155,2022-11-02,996686.0,26927.0,1785960.0,55.81
156,2022-11-01,1328843.0,24966.0,2279632.0,58.29
157,2022-10-31,6957475.0,112332.0,11587423.0,60.04
158,2022-10-28,2408777.0,46002.0,3957566.0,60.87
159,2022-10-27,562277.0,8666.0,943499.0,59.59
160,2022-10-26,914160.0,16014.0,1502564.0,60.84
161,2022-10-25,1730170.0,40287.0,3211272.0,53.88
162,2022-10-24,865360.0,6237.0,1243681.0,69.58
163,2022-10-21,834219.0,10169.0,1236971.0,67.44
164,2022-10-20,1338349.0,10132.0,1742293.0,76.82
165,2022-10-19,1580504.0,5274.0,1878615.0,84.13
166,2022-10-18,1023244.0,9065.0,1600306.0,63.94
167,2022-10-17,575999.0,16774.0,1087814.0,52.95
168,2022-10-14,749953.0,3549.0,1055489.0,71.05
169,2022-10-13,754524.0,23317.0,1240463.0,60.83
170,2022-10-12,728745.0,12341.0,1226104.0,59.44
171,2022-10-11,1117559.0,16220.0,1634464.0,68.37
172,2022-10-10,771470.0,4748.0,1211750.0,63.67
173,2022-10-07,738816.0,4949.0,1041020.0,70.97
174,2022-10-06,624944.0,13456.0,997323.0,62.66
175,2022-10-05,730812.0,6057.0,1108108.0,65.95
176,2022-10-04,1007314.0,13581.0,1843833.0,54.63
177,2022-10-03,628330.0,6874.0,952267.0,65.98
178,2022-09-30,545823.0,3154.0,1185053.0,46.06
179,2022-09-29,865771.0,7615.0,1739331.0,49.78
180,2022-09-28,460858.0,11250.0,1077980.0,42.75
181,2022-09-27,684750.0,13597.0,1691251.0,40.49
182,2022-09-26,689665.0,5677.0,1432276.0,48.15
183,2022-09-23,752785.0,7593.0,1496098.0,50.32
184,2022-09-22,945555.0,10809.0,1897510.0,49.83
185,2022-09-21,749281.0,8551.0,1730352.0,43.3
186,2022-09-20,621222.0,6765.0,1227809.0,50.6
187,2022-09-19,627368.0,25421.0,1507580.0,41.61
188,2022-09-16,912571.0,13492.0,1604717.0,56.87
189,2022-09-15,641984.0,12877.0,1341959.0,47.84
190,2022-09-14,917805.0,10498.0,1465967.0,62.61
191,2022-09-13,913139.0,18405.0,1496785.0,61.01
192,2022-09-12,1456330.0,36038.0,2690301.0,54.13
193,2022-09-09,1558675.0,47244.0,3665089.0,42.53
194,2022-09-08,2975687.0,93230.0,6164602.0,48.27
195,2022-09-07,2323737.0,28503.0,3769053.0,61.65
196,2022-09-06,1454558.0,23453.0,2615605.0,55.61
197,2022-09-02,1034582.0,11738.0,1705739.0,60.65
198,2022-09-01,1209359.0,18960.0,1880276.0,64.32
199,2022-08-31,1220739.0,19554.0,1771316.0,68.92
200,2022-08-30,1297388.0,6402.0,1871315.0,69.33
201,2022-08-29,1067291.0,10650.0,1729592.0,61.71
202,2022-08-26,962340.0,11669.0,1492382.0,64.48
203,2022-08-25,1210424.0,26039.0,1798599.0,67.3
204,2022-08-24,1363610.0,16482.0,1990234.0,68.52
205,2022-08-23,1304530.0,24328.0,1907160.0,68.4
206,2022-08-22,1418914.0,14341.0,2125267.0,66.76
207,2022-08-19,2241572.0,15123.0,3315494.0,67.61
208,2022-08-18,1570512.0,16267.0,2561591.0,61.31
209,2022-08-17,2247179.0,24023.0,4687699.0,47.94
210,2022-08-16,6637014.0,105911.0,11361249.0,58.42
211,2022-08-15,1261508.0,32626.0,2367270.0,53.29
212,2022-08-12,1093907.0,29671.0,2288240.0,47.81
213,2022-08-11,1219423.0,35358.0,2124430.0,57.4
214,2022-08-10,1492682.0,70698.0,2576263.0,57.94
215,2022-08-09,1148424.0,45863.0,2681606.0,42.83
216,2022-08-08,4052270.0,97091.0,7587419.0,53.41
217,2022-08-05,1854521.0,70303.0,3554526.0,52.17
218,2022-08-04,1035084.0,36953.0,1989022.0,52.04
219,2022-08-03,1141743.0,18179.0,2002697.0,57.01
220,2022-08-02,1191299.0,14555.0,2254487.0,52.84
221,2022-08-01,929223.0,29121.0,1778857.0,52.24
222,2022-07-29,901389.0,11449.0,1662286.0,54.23
223,2022-07-28,784990.0,15623.0,1389989.0,56.47
224,2022-07-27,826935.0,24417.0,1612064.0,51.3
225,2022-07-26,1087912.0,23292.0,2000880.0,54.37
226,2022-07-25,848416.0,23892.0,2190488.0,38.73
227,2022-07-22,2225738.0,28749.0,3615240.0,61.57
228,2022-07-21,562791.0,9194.0,930098.0,60.51
229,2022-07-20,723729.0,11445.0,1180431.0,61.31
230,2022-07-19,863637.0,19478.0,1454911.0,59.36
231,2022-07-18,743334.0,11139.0,1263918.0,58.81
232,2022-07-15,562280.0,7339.0,888811.0,63.26
233,2022-07-14,1203902.0,28366.0,2298834.0,52.37
234,2022-07-13,733652.0,17236.0,1504921.0,48.75
235,2022-07-12,1195607.0,24570.0,2102294.0,56.87
236,2022-07-11,560702.0,11053.0,987020.0,56.81
237,2022-07-08,786017.0,20817.0,1424696.0,55.17
238,2022-07-07,2080361.0,40606.0,3483490.0,59.72
239,2022-07-06,394074.0,3879.0,654966.0,60.17
240,2022-07-05,392645.0,4583.0,698570.0,56.21
241,2022-07-01,438887.0,3295.0,794830.0,55.22
242,2022-06-30,414737.0,5007.0,799396.0,51.88
243,2022-06-29,436370.0,7783.0,878142.0,49.69
244,2022-06-28,422225.0,4746.0,731855.0,57.69
245,2022-06-27,530649.0,4053.0,1041415.0,50.95
246,2022-06-24,769265.0,7065.0,1375725.0,55.92
247,2022-06-23,439296.0,3254.0,779317.0,56.37
248,2022-06-22,445306.0,1260.0,836379.0,53.24
249,2022-06-21,738944.0,4697.0,1370310.0,53.93
250,2022-06-17,847555.0,4421.0,1405722.0,60.29
251,2022-06-16,784614.0,679.0,1260924.0,62.23
252,2022-06-15,748471.0,1071.0,1394820.0,53.66
253,2022-06-14,900915.0,12493.0,1749547.0,51.49
254,2022-06-13,883686.0,15866.0,1540222.0,57.37
255,2022-06-10,733358.0,3797.0,1441091.0,50.89
256,2022-06-09,798173.0,3038.0,1438285.0,55.49
257,2022-06-08,1581681.0,6011.0,3105566.0,50.93
258,2022-06-07,1273784.0,11113.0,3069994.0,41.49
259,2022-06-06,437542.0,1361.0,1013539.0,43.17
260,2022-06-03,1250402.0,7958.0,2234961.0,55.95
261,2022-06-02,1515148.0,26636.0,3512873.0,43.13
262,2022-06-01,566412.0,19143.0,1455456.0,38.92
263,2022-05-31,698959.0,14076.0,2150623.0,32.5
264,2022-05-27,2119733.0,15098.0,3802448.0,55.75
265,2022-05-26,3844092.0,32061.0,7203326.0,53.37
266,2022-05-25,2858579.0,16589.0,5230127.0,54.66
267,2022-05-24,700750.0,5161.0,1050230.0,66.72
268,2022-05-23,502574.0,4742.0,769430.0,65.32
269,2022-05-20,661186.0,383.0,1075050.0,61.5
270,2022-05-19,799246.0,25472.0,1430757.0,55.86
271,2022-05-18,872992.0,6067.0,1338573.0,65.22
272,2022-05-17,839675.0,2475.0,1364797.0,61.52
273,2022-05-16,826300.0,11515.0,1290438.0,64.03
274,2022-05-13,1843398.0,12632.0,2953371.0,62.42
275,2022-05-12,2428833.0,71949.0,4023027.0,60.37
276,2022-05-11,858853.0,41428.0,1438385.0,59.71
277,2022-05-10,840886.0,32175.0,1575657.0,53.37
278,2022-05-09,903271.0,23650.0,1311812.0,68.86
279,2022-05-06,461548.0,1875.0,820053.0,56.28
280,2022-05-05,348258.0,115.0,656601.0,53.04
281,2022-05-04,337264.0,398.0,780967.0,43.19
282,2022-05-03,400470.0,3673.0,852437.0,46.98
283,2022-05-02,457511.0,3295.0,969430.0,47.19
284,2022-04-29,228552.0,1219.0,464852.0,49.17
285,2022-04-28,391879.0,1329.0,741551.0,52.85
286,2022-04-27,292183.0,676.0,592288.0,49.33
287,2022-04-26,346471.0,551.0,597940.0,57.94
288,2022-04-25,310715.0,817.0,616818.0,50.37
289,2022-04-22,349919.0,390.0,561355.0,62.33
290,2022-04-21,354673.0,855.0,640341.0,55.39
291,2022-04-20,242705.0,1277.0,463494.0,52.36
292,2022-04-19,649009.0,491.0,1071656.0,60.56
293,2022-04-18,658166.0,3892.0,1054201.0,62.43
294,2022-04-14,687225.0,1637.0,1110818.0,61.87
295,2022-04-13,400438.0,397.0,818507.0,48.92
296,2022-04-12,485324.0,1887.0,869518.0,55.82
297,2022-04-11,595205.0,2408.0,1048156.0,56.79
298,2022-04-08,571585.0,5889.0,1047664.0,54.56
299,2022-04-07,969148.0,6854.0,1658012.0,58.45
300,2022-04-06,910620.0,30145.0,1766179.0,51.56
301,2022-04-05,1109413.0,7283.0,1899066.0,58.42
302,2022-04-04,962292.0,15303.0,2197318.0,43.79
303,2022-04-01,3605648.0,12588.0,5952302.0,60.58
304,2022-03-31,2246394.0,16133.0,4343366.0,51.72
305,2022-03-30,1873385.0,57103.0,4015994.0,46.65
306,2022-03-29,4736463.0,130881.0,8200754.0,57.76
307,2022-03-28,3675636.0,35980.0,7859183.0,46.77
308,2022-03-25,3593380.0,120678.0,6530569.0,55.02
309,2022-03-24,2439491.0,41399.0,4217003.0,57.85
310,2022-03-23,6694081.0,24132.0,11437161.0,58.53
311,2022-03-22,3550458.0,22976.0,7213409.0,49.22
312,2022-03-21,799429.0,22390.0,1781226.0,44.88
313,2022-03-18,1848866.0,41765.0,3893478.0,47.49
314,2022-03-17,693461.0,1623.0,1124517.0,61.67
315,2022-03-16,710125.0,84.0,1207047.0,58.83
316,2022-03-15,668966.0,27683.0,1397736.0,47.86
317,2022-03-14,882937.0,23488.0,1776946.0,49.69
318,2022-03-11,551768.0,650.0,773722.0,71.31
319,2022-03-10,375643.0,857.0,561636.0,66.88
320,2022-03-09,241251.0,2436.0,507689.0,47.52
321,2022-03-08,370671.0,10507.0,711692.0,52.08
322,2022-03-07,661171.0,19288.0,1053182.0,62.78
323,2022-03-04,354791.0,2240.0,519779.0,68.26
324,2022-03-03,250668.0,1149.0,372656.0,67.27
325,2022-03-02,329470.0,1094.0,500102.0,65.88
326,2022-03-01,227124.0,1697.0,398149.0,57.04
327,2022-02-28,384734.0,2175.0,649012.0,59.28
328,2022-02-25,381574.0,1786.0,648815.0,58.81
329,2022-02-24,495056.0,3175.0,893375.0,55.41
330,2022-02-23,332869.0,147.0,501158.0,66.42
331,2022-02-22,374878.0,257.0,588623.0,63.69
332,2022-02-18,364850.0,4873.0,555729.0,65.65
333,2022-02-17,391279.0,2534.0,633465.0,61.77
334,2022-02-16,481852.0,1783.0,903196.0,53.35
335,2022-02-15,477172.0,2743.0,846151.0,56.39
336,2022-02-14,570724.0,1852.0,987234.0,57.81
337,2022-02-11,744435.0,1009.0,1185330.0,62.8
338,2022-02-10,973181.0,1074.0,1560135.0,62.38
339,2022-02-09,1064779.0,3737.0,1702616.0,62.54
340,2022-02-08,1365852.0,3621.0,2291631.0,59.6
341,2022-02-07,415803.0,372.0,663091.0,62.71
342,2022-02-04,547993.0,680.0,830517.0,65.98
343,2022-02-03,694084.0,13900.0,986355.0,70.37
344,2022-02-02,949926.0,5769.0,1414554.0,67.15
345,2022-02-01,937849.0,232.0,1508610.0,62.17
346,2022-01-31,926789.0,938.0,1582914.0,58.55
347,2022-01-28,985137.0,19264.0,1660207.0,59.34
348,2022-01-27,1026615.0,3699.0,1545005.0,66.45
349,2022-01-26,2310987.0,7207.0,3578113.0,64.59
350,2022-01-25,867519.0,20247.0,1349879.0,64.27
351,2022-01-24,1504081.0,35334.0,2278511.0,66.01
352,2022-01-21,1113725.0,8909.0,2196576.0,50.7
353,2022-01-20,585943.0,100.0,1107650.0,52.9
354,2022-01-19,377571.0,15761.0,803662.0,46.98
355,2022-01-18,660877.0,10251.0,1382836.0,47.79
356,2022-01-14,795214.0,3877.0,1472708.0,54.0
357,2022-01-13,415668.0,4418.0,893659.0,46.51
358,2022-01-12,317889.0,1062.0,653240.0,48.66
359,2022-01-11,495353.0,18599.0,1007236.0,49.18
360,2022-01-10,1098806.0,35416.0,2169489.0,50.65
361,2022-01-07,2591667.0,13707.0,5140558.0,50.42
362,2022-01-06,633740.0,20738.0,1260839.0,50.26
363,2022-01-05,709715.0,9755.0,1253029.0,56.64
364,2022-01-04,389661.0,511.0,685935.0,56.81
365,2022-01-03,178977.0,1848.0,511862.0,34.97
366,2021-12-31,168673.0,4249.0,580237.0,29.07
367,2021-12-30,217906.0,329.0,634133.0,34.36
368,2021-12-29,405033.0,3181.0,938619.0,43.15
369,2021-12-28,244361.0,0.0,563733.0,43.35
370,2021-12-27,290376.0,732.0,710190.0,40.89
371,2021-12-23,197795.0,3126.0,441795.0,44.77
372,2021-12-22,168134.0,737.0,338065.0,49.73
373,2021-12-21,226128.0,4519.0,508424.0,44.48
374,2021-12-20,370785.0,548.0,693808.0,53.44
375,2021-12-17,604111.0,244.0,1384469.0,43.63
376,2021-12-16,399851.0,797.0,746362.0,53.57
377,2021-12-15,662119.0,671.0,1147374.0,57.71
378,2021-12-14,1142695.0,29498.0,2354849.0,48.53
379,2021-12-13,996536.0,34222.0,1901835.0,52.4
380,2021-12-10,1036679.0,30998.0,1515068.0,68.42
381,2021-12-09,1288513.0,14012.0,1784709.0,72.2
382,2021-12-08,523994.0,591.0,817482.0,64.1
383,2021-12-07,431079.0,153.0,678333.0,63.55
384,2021-12-06,471069.0,14541.0,762959.0,61.74
385,2021-12-03,955652.0,12368.0,1337038.0,71.48
386,2021-12-02,520137.0,2383.0,779455.0,66.73
387,2021-12-01,591462.0,1347.0,912109.0,64.85
388,2021-11-30,415993.0,1487.0,662838.0,62.76
389,2021-11-29,240317.0,16.0,421138.0,57.06
390,2021-11-26,254089.0,25.0,404616.0,62.8
391,2021-11-24,290071.0,12153.0,493730.0,58.75
392,2021-11-23,683387.0,15879.0,1381447.0,49.47
393,2021-11-22,926877.0,6470.0,1854022.0,49.99
394,2021-11-19,559222.0,11188.0,1190492.0,46.97
395,2021-11-18,186738.0,2272.0,352050.0,53.04
396,2021-11-17,252321.0,2371.0,485307.0,51.99
397,2021-11-16,250224.0,3005.0,466991.0,53.58
398,2021-11-15,356767.0,3549.0,615314.0,57.98
399,2021-11-12,195855.0,915.0,349952.0,55.97
400,2021-11-11,203492.0,3926.0,411136.0,49.5
401,2021-11-10,278086.0,1173.0,538974.0,51.6
402,2021-11-09,348495.0,5004.0,760618.0,45.82
403,2021-11-08,401253.0,8480.0,966872.0,41.5
404,2021-11-05,350122.0,2419.0,745722.0,46.95
405,2021-11-04,608560.0,3717.0,1226878.0,49.6
406,2021-11-03,2660536.0,29736.0,5212022.0,51.05
407,2021-11-02,655833.0,11237.0,1382123.0,47.45
408,2021-11-01,1132971.0,8194.0,2039635.0,55.55
409,2021-10-29,492564.0,1397.0,939819.0,52.41
410,2021-10-28,293834.0,4957.0,570272.0,51.53
411,2021-10-27,203797.0,3471.0,387522.0,52.59
412,2021-10-26,434231.0,5785.0,795535.0,54.58
413,2021-10-25,285923.0,7562.0,501033.0,57.07
414,2021-10-22,532101.0,3780.0,841353.0,63.24
415,2021-10-21,585329.0,2746.0,965996.0,60.59
416,2021-10-20,603034.0,11300.0,945461.0,63.78
417,2021-10-19,464679.0,2791.0,903329.0,51.44
418,2021-10-18,386664.0,2651.0,646023.0,59.85
419,2021-10-15,237161.0,2865.0,447969.0,52.94
420,2021-10-14,335406.0,2750.0,610988.0,54.9
421,2021-10-13,409425.0,6171.0,723856.0,56.56
422,2021-10-12,253809.0,433.0,442345.0,57.38
423,2021-10-11,566148.0,4859.0,1025484.0,55.21
424,2021-10-08,154473.0,1972.0,263788.0,58.56
425,2021-10-07,187296.0,1953.0,318003.0,58.9
426,2021-10-06,246316.0,3948.0,416142.0,59.19
427,2021-10-05,227800.0,274.0,410407.0,55.51
428,2021-10-04,250075.0,73.0,429916.0,58.17
429,2021-10-01,284049.0,348.0,512523.0,55.42
430,2021-09-30,716790.0,630.0,1174698.0,61.02
431,2021-09-29,343819.0,3149.0,560574.0,61.33
432,2021-09-28,309156.0,2616.0,486570.0,63.54
433,2021-09-27,297731.0,6059.0,499953.0,59.55
434,2021-09-24,331274.0,108.0,531878.0,62.28
435,2021-09-23,369796.0,2474.0,602625.0,61.36
436,2021-09-22,464670.0,506.0,963787.0,48.21
437,2021-09-21,563302.0,2.0,874032.0,64.45
438,2021-09-20,847893.0,7769.0,1473340.0,57.55
439,2021-09-17,449506.0,4940.0,773268.0,58.13
440,2021-09-16,626375.0,7962.0,1142211.0,54.84
441,2021-09-15,421941.0,4113.0,751732.0,56.13
442,2021-09-14,434614.0,2851.0,745810.0,58.27
443,2021-09-13,1184821.0,23721.0,2057375.0,57.59
444,2021-09-10,707800.0,26159.0,1219882.0,58.02
445,2021-09-09,1796938.0,46236.0,3013875.0,59.62
446,2021-09-08,1019441.0,9168.0,1803016.0,56.54
447,2021-09-07,557331.0,12308.0,1060245.0,52.57
448,2021-09-03,562146.0,6770.0,1066302.0,52.72
449,2021-09-02,418444.0,2517.0,775725.0,53.94
450,2021-09-01,1100122.0,30404.0,1921019.0,57.27
451,2021-08-31,788487.0,7931.0,1452061.0,54.3
452,2021-08-30,763761.0,12004.0,1534638.0,49.77
453,2021-08-27,831186.0,12912.0,1436396.0,57.87
454,2021-08-26,1967325.0,20313.0,3145414.0,62.55
455,2021-08-25,3736351.0,36731.0,6678196.0,55.95
456,2021-08-24,4214415.0,25455.0,7303842.0,57.7
457,2021-08-23,266597.0,3073.0,518728.0,51.39
458,2021-08-20,232879.0,4058.0,423792.0,54.95
459,2021-08-19,294707.0,1323.0,470925.0,62.58
460,2021-08-18,295285.0,429.0,490662.0,60.18
461,2021-08-17,253834.0,4408.0,453291.0,56.0
462,2021-08-16,371953.0,128.0,633403.0,58.72
463,2021-08-13,201354.0,1444.0,343908.0,58.55
464,2021-08-12,289645.0,1846.0,539538.0,53.68
465,2021-08-11,206228.0,4129.0,362572.0,56.88
466,2021-08-10,390333.0,1261.0,660825.0,59.07
467,2021-08-09,413232.0,3594.0,933830.0,44.25
468,2021-08-06,235271.0,721.0,564841.0,41.65
469,2021-08-05,427752.0,1946.0,1072600.0,39.88
470,2021-08-04,381088.0,8230.0,1003713.0,37.97
471,2021-08-03,828157.0,8190.0,1665680.0,49.72
472,2021-08-02,623709.0,6353.0,1155891.0,53.96
473,2021-07-30,472713.0,2240.0,737285.0,64.12
474,2021-07-29,767957.0,1608.0,1042671.0,73.65
475,2021-07-28,993706.0,3533.0,1478106.0,67.23
476,2021-07-27,267031.0,3358.0,424814.0,62.86
477,2021-07-26,317386.0,3628.0,567277.0,55.95
478,2021-07-23,313134.0,1678.0,538959.0,58.1
479,2021-07-22,342717.0,355.0,609579.0,56.22
480,2021-07-21,581102.0,2156.0,986452.0,58.91
481,2021-07-20,745972.0,5398.0,1171066.0,63.7
482,2021-07-19,591517.0,2944.0,965646.0,61.26
483,2021-07-16,825962.0,2279.0,1318731.0,62.63
484,2021-07-15,1124635.0,5216.0,1733368.0,64.88
485,2021-07-14,841406.0,6473.0,1503754.0,55.95
486,2021-07-13,582628.0,3782.0,943406.0,61.76
487,2021-07-12,411066.0,2016.0,677857.0,60.64
488,2021-07-09,355781.0,1970.0,600893.0,59.21
489,2021-07-08,568032.0,15364.0,977443.0,58.11
490,2021-07-07,1095672.0,36044.0,1808463.0,60.59
491,2021-07-06,605697.0,2553.0,1016526.0,59.58
492,2021-07-02,590622.0,3332.0,1041717.0,56.7
493,2021-07-01,596096.0,2910.0,1055383.0,56.48
494,2021-06-30,509575.0,4859.0,1090518.0,46.73
495,2021-06-29,517085.0,23240.0,950667.0,54.39
496,2021-06-28,1019868.0,11783.0,1995816.0,51.1
497,2021-06-25,1347062.0,8054.0,2234661.0,60.28
498,2021-06-24,885451.0,5666.0,1555753.0,56.91
499,2021-06-23,796312.0,6688.0,1449825.0,54.92
500,2021-06-22,1877131.0,9437.0,3386044.0,55.44
501,2021-06-21,1195243.0,8843.0,2052841.0,58.22
502,2021-06-18,791347.0,2497.0,1341278.0,59.0
503,2021-06-17,926983.0,3027.0,1819079.0,50.96
504,2021-06-16,1122007.0,7147.0,2047232.0,54.81
505,2021-06-15,1626285.0,12785.0,3235221.0,50.27
506,2021-06-14,1565046.0,6278.0,2981193.0,52.5
507,2021-06-11,3644543.0,145351.0,7069423.0,51.55
508,2021-06-10,5570111.0,261018.0,10675994.0,52.17
509,2021-06-09,2719042.0,18620.0,5199562.0,52.29
510,2021-06-08,4103881.0,62389.0,7780087.0,52.75
511,2021-06-07,1303073.0,6831.0,2350802.0,55.43
512,2021-06-04,703596.0,28686.0,1295391.0,54.32
513,2021-06-03,1745051.0,78723.0,3118230.0,55.96
514,2021-06-02,3911478.0,57290.0,7148804.0,54.72
515,2021-06-01,2195316.0,76234.0,3887730.0,56.47
516,2021-05-28,2601539.0,82888.0,4567401.0,56.96
517,2021-05-27,3453765.0,64860.0,6150742.0,56.15
518,2021-05-26,4629662.0,90104.0,8202580.0,56.44
519,2021-05-25,3608896.0,60006.0,6443143.0,56.01
520,2021-05-24,1103583.0,32123.0,1971424.0,55.98
521,2021-05-21,780099.0,19473.0,1401134.0,55.68
522,2021-05-20,558337.0,9536.0,942653.0,59.23
523,2021-05-19,1126218.0,8784.0,1709099.0,65.9
524,2021-05-18,1886450.0,30337.0,3259477.0,57.88
525,2021-05-17,1822852.0,41940.0,3118226.0,58.46
526,2021-05-14,945151.0,19326.0,1647491.0,57.37
527,2021-05-13,2236202.0,21254.0,3683710.0,60.71
528,2021-05-12,689988.0,3786.0,1044003.0,66.09
529,2021-05-11,1034642.0,42990.0,1694663.0,61.05
530,2021-05-10,1077620.0,30563.0,1684849.0,63.96
531,2021-05-07,615029.0,13688.0,1080447.0,56.92
532,2021-05-06,627100.0,28830.0,1047851.0,59.85
533,2021-05-05,664818.0,14531.0,1158981.0,57.36
534,2021-05-04,1039546.0,26488.0,1744786.0,59.58
535,2021-05-03,1269098.0,45626.0,2216581.0,57.25
536,2021-04-30,1018219.0,22607.0,1833319.0,55.54
537,2021-04-29,904103.0,18035.0,1539422.0,58.73
538,2021-04-28,1420847.0,32918.0,2528395.0,56.2
539,2021-04-27,2291953.0,44637.0,3972777.0,57.69
540,2021-04-26,2558524.0,34887.0,4434680.0,57.69
541,2021-04-23,1009081.0,25383.0,1822676.0,55.36
542,2021-04-22,949267.0,15770.0,1669430.0,56.86
543,2021-04-21,887732.0,10128.0,1603415.0,55.37
544,2021-04-20,1094062.0,11648.0,1953969.0,55.99
545,2021-04-19,2554488.0,43480.0,4458016.0,57.3
546,2021-04-16,991315.0,37243.0,2408031.0,41.17
547,2021-04-15,1514841.0,37135.0,3656417.0,41.43
548,2021-04-14,4552746.0,122256.0,10980493.0,41.46
549,2021-04-13,1279151.0,78402.0,3028223.0,42.24
550,2021-04-12,2881366.0,177012.0,7638755.0,37.72
551,2021-04-09,1813873.0,84560.0,4768225.0,38.04
552,2021-04-08,1705719.0,27124.0,4461564.0,38.23
553,2021-04-07,970556.0,14388.0,2048159.0,47.39
554,2021-04-06,1064534.0,94487.0,2478732.0,42.95
555,2021-04-05,2457391.0,148702.0,5136882.0,47.84
556,2021-04-01,2454791.0,35127.0,4164588.0,58.94
557,2021-03-31,2300830.0,42403.0,4020123.0,57.23
558,2021-03-30,4636499.0,72753.0,8249652.0,56.2
559,2021-03-29,2927293.0,122400.0,4668884.0,62.7
560,2021-03-26,10038012.0,297653.0,16664120.0,60.24
561,2021-03-25,12591492.0,473500.0,21672008.0,58.1
562,2021-03-24,5921699.0,374547.0,9828116.0,60.25
563,2021-03-23,2835124.0,33212.0,4548007.0,62.34
564,2021-03-22,2358752.0,33094.0,3843634.0,61.37
565,2021-03-19,6421981.0,132316.0,10769625.0,59.63
566,2021-03-18,2996746.0,51194.0,4858927.0,61.68
567,2021-03-17,3878187.0,186016.0,6915251.0,56.08
568,2021-03-16,8715265.0,491574.0,15041864.0,57.94
569,2021-03-15,5750093.0,297576.0,10006831.0,57.46
570,2021-03-12,5439089.0,354001.0,9833047.0,55.31
571,2021-03-11,6318428.0,383095.0,11113425.0,56.85
572,2021-03-10,14924764.0,738344.0,26074171.0,57.24
573,2021-03-09,8507752.0,199017.0,15009058.0,56.68
