,ticker,change,change_percent,day_open,day_high,day_low,day_close,day_volume,day_vwap,last_trade_conditions,last_trade_id,last_trade_price,last_trade_size,last_trade_exchange,last_trade_timestamp,min_open,min_high,min_low,min_close,min_volume,prev_open,prev_high,prev_low,prev_close,prev_volume,prev_vwap
0,X:MANAUSD,0.009000000000000008,1.9247219846022259,0.4676,0.479,0.461,0.4766,2207782.867642304,0.4703,[1],37339929,0.4766,203.22,1.0,1684277004846,0.4766,0.4766,0.4766,0.4766,1383.0,0.45663,0.47504,0.4497,0.4676,2396358.687571694,0.4648
1,X:UMAUSD,-0.12300000000000022,-5.2789699570815545,2.331,2.348,1.94,2.207,223647.32083458,2.2333,[1],14756936,2.207,4.751,1.0,1684276804551,2.207,2.207,2.207,2.207,4.751,2.355,2.394,2.29,2.33,120186.18040788018,2.3372
2,X:CHZUSD,0.00010000000000000286,0.09293680297398035,0.1076,0.1093,0.1066,0.1077,2782724.551885758,0.1078,[1],9338779,0.1077,338.1,1.0,1684276997518,0.1077,0.1077,0.1077,0.1077,679.5,0.1071,0.1087,0.1056,0.1076,1549692.920359551,0.1078
3,X:FETUSD,-0.0025000000000000022,-1.0133765707336855,0.2466,0.2489,0.2377,0.2442,6230575.27803163,0.2427,[2],16990675,0.2442,5.6,1.0,1684276954474,0.2445,0.2445,0.2442,0.2442,17.7,0.2413,0.2534,0.2353,0.2467,8114014.953113318,0.2472
4,X:XTZUSD,0.010000000000000009,1.1235955056179785,0.89,0.903,0.87677,0.9,642572.6181500732,0.8906,[1],30149256,0.9,5.47,1.0,1684277016321,0.899,0.9,0.899,0.9,7.69,0.889,0.905,0.876,0.89,591095.3226819389,0.8932
5,X:FUNUSD,3.8200000000000386e-05,0.7585385226370213,0.0050746,0.0050853,0.0048581,0.0050742,2489427.9949013707,0.005053,[2],1363875895,0.0050742,728.391058,2.0,1683833625100,0.0050737,0.0050737,0.0050737,0.0050737,10416.0,0.0049858,0.0050853,0.0049858,0.005036,7607.368282,0.0051
6,X:PAXUSD,0.00019000000000002348,0.0190209230153192,0.9992,1.0,0.99812,0.99909,68815.5510596,0.9988,[1],1352095522,0.99909,175.0,2.0,1681784611201,0.99812,0.99909,0.99812,0.99909,50334.68524785,0.9992,0.9992,0.9974,0.9989,569.6100000000005,0.9988
7,X:ETPUSD,-0.0012580000000000022,-5.470992432808568,0.023064,0.023319,0.021502,0.021736,369356.4253816215,0.0222,[2],1365749962,0.021736,3802.1393177,2.0,1684241092102,0.02174,0.02174,0.02174,0.02174,412.52162925,0.022602,0.024347,0.02248,0.022994,101357.66269315007,0.0232
8,X:NEXOUSD,-0.0047000000000000375,-0.7032348804500759,0.66884,0.67137,0.65573,0.66364,5581.58139662,0.6652,[2],1365915915,0.66364,3.08292523,2.0,1684276793926,0.66364,0.66364,0.66364,0.66364,6.16585046,0.66049,0.68086,0.65533,0.66834,1787.8139287899992,0.6695
9,X:HBARUSD,-7.000000000000062e-05,-0.1337664819415261,0.05235,0.0528,0.0516,0.05226,13383884.874450574,0.05226,[2],2543097,0.05226,3847.5,1.0,1684277040777,0.05229,0.05229,0.05224,0.05227,48809.8,0.05183,0.05324,0.05113,0.05233,18607910.100000005,0.0526
10,X:FXUSD,-0.0030999999999999917,-1.9833653230966037,0.1549,0.1566,0.1521,0.1532,62543.7,0.153,[1],2473440,0.1532,82.1,1.0,1684274260733,0.1532,0.1532,0.1532,0.1532,246.2,0.1523,0.1563,0.1515,0.1563,137994.00000000003,0.1554
11,X:GTCUSD,0.019999999999999796,1.4598540145985253,1.37,1.4,1.33,1.39,27195.32136161,1.3682,[2],3273130,1.39,72.93,1.0,1684276266225,1.39,1.39,1.39,1.39,72.93,1.36,1.39,1.33,1.37,19717.99959139999,1.3709
12,X:ORNUSD,-0.04499999999999993,-4.3062200956937735,1.045,1.057,0.98,1.0,39328.68,1.0165,[2],1617830,1.0,143.82,1.0,1684277004275,1.0,1.0,1.0,1.0,143.82,1.077,1.081,1.017,1.045,46223.830000000125,1.045
13,X:BOSONUSD,-0.00544,-2.841918294849023,0.19017,0.19137,0.18198,0.18598,11536.78239451,0.1867,[2],1365898947,0.18598,8.16496705,2.0,1684276741352,0.18598,0.18598,0.18598,0.18598,16.3299341,0.18365,0.19203,0.18274,0.19142,3444.0017612799993,0.1867
14,X:SRMUSD,-0.0020000000000000018,-2.500000000000002,0.08,0.083,0.076,0.078,177229.9571,0.07905,[2],2ae941a1-db4c-40d2-bf68-a526f4534c5a,0.078,92.0,23.0,1684274435990,0.078,0.078,0.078,0.078,324.0,0.079,0.085,0.079,0.08,83646.53978618002,0.0811
15,X:MASKUSD,0.11399999999999988,2.9765013054830254,3.84,4.18,3.75,3.944,168632.90942494,3.981,[2],bd19b321-b704-42f0-8dcf-7c75b32517ff,3.944,0.8698831,23.0,1684276760180,3.94,3.944,3.94,3.944,259.35,3.76,3.927,3.642,3.83,58727.2047734,3.8315
16,X:OXYUSD,0.00020000000000000052,1.3986013986014023,0.0142,0.015,0.0141,0.0145,29427.55516209,0.01462,[1],77621a27-b4ef-46b2-821c-397ef78a01d9,0.0145,1000.0,23.0,1684267525254,0.0145,0.0145,0.0145,0.0145,1000.0,0.0147,0.0149,0.014,0.0143,7201.039230000001,0.0145
17,X:GRTUSD,-0.0021000000000000046,-1.6773162939297162,0.1255,0.12585,0.1204,0.1231,24313525.741923988,0.1224,[2],35830698,0.1231,4109.17,1.0,1684277006338,0.1232,0.1232,0.1231,0.1231,4900.02,0.1169,0.1319,0.1149,0.1252,42623401.609519996,0.1254
18,X:BCHGBP,1.0400000000000063,1.1214147077852128,92.71,93.78,91.09,93.78,412.03052255,92.3901,[1],1698036,93.78,0.729,1.0,1684274772144,93.78,93.78,93.78,93.78,0.729,92.32,96.83,92.09,92.74,1038.3022492799998,94.6062
19,X:DDXUSD,0.006099999999999994,1.8484848484848464,0.33,0.3361,0.3279,0.3361,31616.19,0.332,[1],2580337,0.3361,172.53,1.0,1684276617175,0.3343,0.3361,0.3343,0.3361,1595.4,0.3349,0.3349,0.3252,0.33,60228.85999999999,0.3315
20,X:XRPBTC,4.399999999999992e-07,2.797202797202792,1.575e-05,1.623e-05,1.55e-05,1.617e-05,2173004.1207934525,1.573e-05,[1],285244787,1.617e-05,1573.27964893,6.0,1684276928812,1.617e-05,1.617e-05,1.617e-05,1.617e-05,1573.27964893,1.579e-05,1.582e-05,1.545e-05,1.573e-05,555723.23448549,0.0
21,X:ICXUSD,0.010300000000000031,4.012465913517738,0.2571,0.2706,0.2527,0.267,129428.70690391,0.2654,[2],7bfe3418-f9e8-4004-8d25-58f607b79b5b,0.267,302.27536,23.0,1684276195036,0.267,0.267,0.267,0.267,302.27536,0.26,0.2611,0.254,0.2567,45746.42099762,0.257
22,X:BCHEUR,0.7600000000000051,0.7112109301890371,106.97,108.18,104.86,107.62,1161.54608651,106.6409,[1],5898542,107.62,0.14774633,1.0,1684276834540,107.63,107.64,107.62,107.62,1.90035458,106.21,111.11,105.44,106.86,2402.440113179992,108.6646
23,X:GUSDUSD,0.0,0.0,0.999,1.001,0.999,0.999,4895.85,0.9992,[2],28337,0.999,0.15,1.0,1684275590376,0.999,0.999,0.999,0.999,0.15,0.999,1.001,0.999,0.999,5580.779999999997,1.0002
24,X:ACHUSD,0.003151000000000001,12.966011027898942,0.024405,0.027827,0.023782,0.027453,118422704.76054358,0.02616,[1],20970113,0.027453,8382.5,1.0,1684277014778,0.027431,0.027468,0.027431,0.027453,40549.9,0.023208,0.025308,0.022549,0.024302,72382044.83561257,0.0244
25,X:ETHUSD,7.579999999999927,0.4172193814364856,1816.8,1834.0,1796.63,1824.37,118554.37248226,1817.7053,[1],451144622,1824.37,0.09171868,1.0,1684277041033,1824.2,1824.44,1824.2,1824.37,8.87072506,1799.84,1849.0,1785.52,1816.79,147813.26196001476,1826.8904
26,X:RENUSD,0.0006000000000000033,0.7702182284980787,0.078,0.0794,0.0766,0.0785,4037632.4792960975,0.0777,[2],16298476,0.0785,44.084024,1.0,1684276975809,0.0785,0.0785,0.0785,0.0785,44.084024,0.0775,0.0787,0.0758,0.0779,3387463.8910518964,0.0777
27,X:GYENUSD,-1.899999999999992e-05,-0.2588555858310616,0.00734,0.00734,0.007258,0.007321,451833.0,0.007324,[2],1823345,0.007321,11110.0,1.0,1684275136972,0.007321,0.007321,0.007321,0.007321,12330.0,0.007293,0.00734,0.007283,0.00734,1173373.0,0.0073
28,X:INJUSD,-0.30600000000000005,-4.7648707567735915,6.468,6.499,5.72,6.116,287368.9648059443,6.1815,[1],1017372,6.116,14.72,1.0,1684277037503,6.115,6.116,6.115,6.116,513.57,6.089,6.503,5.968,6.422,352797.7504877504,6.2916
29,X:QTUMUSD,-0.03905999999999965,-1.4859790684668719,2.63796,2.6488,2.58216,2.58951,1054.44184102,2.5965,[2],9ae6289a-dd2c-4d49-9aff-9623bdf10690,2.58951,102.51974312,23.0,1684267558541,2.58951,2.58951,2.58951,2.58951,102.51974312,2.56246,2.63666,2.56246,2.62857,781.82953301,2.6237
30,X:BATUSD,0.0024299999999999877,1.1091332329179733,0.21915,0.22201,0.21603,0.22152,510184.1247269062,0.2191,[2],1365879437,0.22152,9.15649275,2.0,1684276793871,0.22152,0.22152,0.22152,0.22152,18.3129855,0.21617,0.22126,0.21343,0.21909,804125.3329832391,0.2188
31,X:CHSBUSD,0.0008699999999999819,0.6160600481518069,0.14121,0.14584,0.13627,0.14209,102633.76875045,0.1398,[1],1365522879,0.14209,188.61124627,2.0,1684212013250,0.139,0.139,0.13627,0.139,30000.0,0.14215,0.17469,0.13304,0.14122,945768.382775421,0.1456
32,X:JASMYUSD,-1.000000000000046e-05,-0.2070393374741296,0.00483,0.0049,0.00474,0.00482,445556308.57211864,0.004807,[1],27718454,0.00482,140949.0,1.0,1684277035684,0.00481,0.00482,0.00481,0.00482,290100.0,0.00477,0.0051,0.0047226,0.00483,570771127.7465328,0.0049
33,X:YGGUSD,-0.007000000000000006,-3.6269430051813503,0.192,0.192,0.186,0.186,20709.48332563,0.1889,[1],f5519c42-4741-49be-a9ea-c7dcd1d64bec,0.186,6.02117,23.0,1684267070820,0.186,0.186,0.186,0.186,6.02117,0.185,0.206,0.185,0.193,203809.94598179002,0.1999
34,X:CVCUSD,-0.0002999999999999947,-0.33821871476887794,0.0885,0.0904,0.0875,0.0884,531157.6045090334,0.08855,[2],1236330,0.0884,84.6,1.0,1684276982015,0.0884,0.0884,0.0884,0.0884,84.6,0.0888,0.09,0.0875,0.0887,352426.95798185025,0.089
35,X:KRLUSD,-0.00379999999999997,-1.4740108611326495,0.2558,0.2582,0.2512,0.254,49597.8,0.2547,[1],3038266,0.254,0.4,1.0,1684276355622,0.2536,0.254,0.2536,0.254,3.9,0.2567,0.2619,0.2553,0.2578,29325.399999999965,0.2575
36,X:ICEUSD,0.009079999999999977,0.9360631739551739,0.97085,1.0158,0.9359,0.9791,31094.40488658,0.9862,[2],1365886813,0.9791,5.33351419,2.0,1684276402747,0.9791,0.9791,0.9791,0.9791,10.66702838,0.8862,0.98644,0.871,0.97002,14037.926540070004,0.9273
37,X:LINKUSD,0.006999999999999673,0.10545344983428251,6.637,6.728,6.55293,6.645,697686.651545732,6.6403,[2],64705306,6.645,223.78,1.0,1684277016379,6.649,6.649,6.645,6.645,1789.43,6.552,6.71,6.45687,6.638,764027.2801801917,6.6404
38,X:XYOUSD,6.000000000000016e-05,1.485148514851489,0.00404,0.00414,0.0039,0.0041,30202454.99999998,0.004031,[1],12305054,0.0041,50301.2,1.0,1684277040789,0.00408,0.00408,0.00408,0.00408,1375.3,0.00398,0.00407,0.00386,0.00404,29876295.79999997,0.004
39,X:HMTUSD,-0.0001999999999999988,-0.6688963210702301,0.02978,0.02989,0.02688,0.0297,181728.73367385,0.02897,[2],1365915865,0.0297,14.55551125,2.0,1684276347373,0.0297,0.0297,0.0297,0.0297,29.1110225,0.03065,0.03178,0.02982,0.0299,31411.512196019994,0.0311
40,X:ANTUSD,0.020000000000000018,0.6191950464396291,3.2272,3.28,3.0625,3.25,52217.97176123,3.1944,[2],42606,3.25,3.42,1.0,1684276654073,3.25,3.25,3.25,3.25,3.42,3.11,3.2616,3.0715,3.23,23723.146749689997,3.155
41,X:OGNUSD,0.0005700000000000011,0.6202393906420033,0.09186,0.09288,0.09015,0.09247,432712.6861532822,0.09164,[2],6446038,0.09247,57.93,1.0,1684276720608,0.09247,0.09247,0.09247,0.09247,107.93,0.0905,0.09274,0.08908,0.0919,777496.02903307,0.0914
42,X:CSMUSD,-0.0007729999999999994,-8.967517401392106,0.008463,0.008716,0.007847,0.007847,266682.4187290401,0.008082,[1],65e3dd88-2dcf-45a6-9643-3f47a852459b,0.007847,490.29673107,23.0,1684274065257,0.008009,0.008009,0.007847,0.007847,125048.519,0.008754,0.009136,0.008408,0.00862,194769.37013864002,0.0087
43,X:EOSUSD,0.0121,1.377347751849744,0.8785,0.89692,0.8727,0.8906,3279843.7480124296,0.8873,[2],19358408,0.8906,1.1,1.0,1684276945417,0.8906,0.8906,0.8906,0.8906,1.1,0.8762,0.89463,0.8643,0.8785,1144993.453120762,0.8857
44,X:LPTUSD,0.02999999999999936,0.6451612903225669,4.67,4.71,4.57,4.68,7899.74907579,4.6517,[2],4887384,4.68,27.659,1.0,1684276101812,4.68,4.68,4.68,4.68,27.659,4.48,4.74,4.39,4.65,16838.81480021,4.5774
45,X:LTCUSD,2.490000000000009,2.864044168392005,86.93,90.652,86.15,89.43,439126.5265364016,88.8529,[1],111542997,89.43,0.35030095,1.0,1684277038830,89.46,89.47,89.4,89.43,106.33511852,83.54,88.65,82.18,86.94,343255.4190982772,86.6849
46,X:BTTUSD,-1.000000000000001e-08,-1.6393442622950838,6e-07,6.1e-07,5.9e-07,6e-07,7933936264.6144905,5.959e-07,[2],94aa25f8-20db-4493-ae09-b0e378e80a08,6e-07,2030000.0,23.0,1684274391674,6e-07,6e-07,6e-07,6e-07,2030000.0,6e-07,6.1e-07,5.9e-07,6.1e-07,4730115004.448827,0.0
47,X:CRVUSD,0.00539999999999996,0.6524891251812422,0.8272,0.8361,0.8167,0.833,2194341.0562073044,0.827,[2],15877504,0.833,507.85,1.0,1684276698622,0.8332,0.8332,0.833,0.833,682.75,0.8073,0.8339,0.7967,0.8276,1996928.8032511165,0.8206
48,X:ELAUSD,0.025000000000000133,2.104377104377116,1.188,1.305,1.122,1.213,92691.21,1.2494,[1],407340,1.213,3.12,1.0,1684276295302,1.212,1.213,1.212,1.213,3.14,1.2,1.215,1.187,1.188,2806.02,1.1989
49,X:LTCBTC,0.00011399999999999995,3.5636136292591423,0.003203,0.003349,0.003189,0.003313,25910.25458378,0.003284,[2],14133744,0.003313,10.5826816,1.0,1684277008376,0.00331414,0.00331414,0.003313,0.003313,35.6258616,0.003102,0.003244,0.003069,0.003199,18738.504006330284,0.0032
50,X:NMRUSD,-0.09999999999999964,-0.728332119446465,13.7,15.04,13.43,13.63,2976.56316139,13.6646,[1],11974746,13.63,0.073,1.0,1684276861539,13.63,13.63,13.63,13.63,0.073,13.55,14.76,13.35,13.73,2948.823563280007,13.7432
51,X:OXTUSD,-0.0005000000000000004,-0.7225433526011568,0.0692,0.0697,0.068,0.0687,372038.0153679301,0.06855,[2],19571378,0.0687,103.0,1.0,1684276605680,0.069,0.069,0.0687,0.0687,767.0,0.0686,0.07139,0.0677,0.0692,309438.81453851,0.0701
52,X:AAVEUSD,-0.17999999999999972,-0.2865785702913544,62.83,63.27,61.93,62.63,16701.86175059,62.5691,[2],0140087c-8cc3-4bea-af93-573c67bf3da6,62.63,0.07983395,23.0,1684277005348,62.63,62.63,62.63,62.63,0.07983395,62.3,64.564,61.42,62.81,20572.824881040022,63.2658
53,X:RLYUSD,0.0,0.0,0.0,0.0,0.0,0.0,0.0,0.0,,,0.0,0.0,,0,0.0,0.0,0.0,0.0,0.0,0.0085093,0.0093211,0.0083908,0.0086753,120382.75636542994,0.0088
54,X:XDCUSD,-0.0011550000000000032,-3.5080792127323632,0.032889,0.032889,0.031316,0.031769,12055029.485012017,0.03186,[2],1365879436,0.031769,37890.0,2.0,1684276421750,0.031769,0.031769,0.031769,0.031769,191802.0,0.033628,0.033836,0.032924,0.032924,2174140.7818964007,0.0336
55,X:LTCEUR,2.4200000000000017,3.026513256628317,79.96,83.34,79.26,82.38,45361.23981086,81.6816,[1],14776696,82.38,0.86100813,1.0,1684276949678,82.35,82.38,82.32,82.38,15.51792099,76.97,81.45,75.77,79.96,42867.93753837006,79.9213
56,X:TLOSUSD,-0.0010499999999999954,-0.5941602535083723,0.17567,0.17826,0.17355,0.17567,40805.05102353,0.1761,[1],1365921822,0.17567,57.71056785,2.0,1684276114240,0.17584,0.17584,0.17567,0.17567,1329.93729996,0.17295,0.17672,0.17247,0.17672,8655.24932667,0.1747
57,X:ETHAUD,33.2199999999998,1.2268080831954546,2709.75,2742.43,2678.54,2741.06,40.14940214,2716.725,[2],e80cd9ca-b475-40f3-a447-85b0fa66c661,2741.06,0.01276878,23.0,1684275261632,2741.08,2741.08,2741.06,2741.06,0.10626878,2713.27,2750.0,2691.42,2707.84,52.439757539999995,2735.9726
58,X:USTUSD,-9.999999999998899e-05,-0.009991008092715456,1.0008,1.0009,0.01504,1.0008,35741527.379807085,0.9411,[1],1365931258,1.0008,154.0,2.0,1684276943121,1.0008,1.0008,1.0008,1.0008,308.0,1.0008,1.0009,0.01488,1.0009,15434075.199229704,0.7408
59,X:ALCXUSD,-0.9400000000000013,-4.786150712830964,19.57,19.68,18.61,18.7,2132.94493732,19.177,[2],2329469,18.7,0.0102,1.0,1684276803315,18.7,18.7,18.7,18.7,0.0102,18.88,19.67,18.7,19.64,2194.1501702899986,19.1068
60,X:MATICUSD,-0.013900000000000023,-1.618160651920841,0.859,0.91811,0.6,0.8451,16578764.875760755,0.8467,[2],72702335,0.8451,239.0,1.0,1684277029796,0.845,0.8451,0.845,0.8451,7325.10409613,0.8594,0.878,0.8467,0.859,17352448.32518802,0.8648
61,X:DNTUSD,-0.0005999999999999998,-2.1739130434782603,0.0276,0.0277,0.0269,0.027,1189931.5000000019,0.02717,[2],2110751,0.027,100.8,1.0,1684276373452,0.0271,0.0271,0.027,0.027,1817.3,0.027,0.0278,0.0269,0.0276,528799.4,0.0272
62,X:UTKUSD,0.004586999999999994,4.751250738013106,0.097053,0.10212,0.096044,0.10113,27660.7447043,0.09727,[2],1365894590,0.10113,19.13350575,2.0,1684276741289,0.10113,0.10113,0.10113,0.10113,38.2670115,0.093666,0.098141,0.091853,0.096543,3231.8067082500015,0.0956
63,X:RAIUSD,-0.009999999999999787,-0.36231884057970243,2.75,2.78,2.73,2.75,586.84,2.7361,[2],143349,2.75,0.05,1.0,1684275610323,2.75,2.75,2.75,2.75,0.05,2.73,2.78,2.73,2.76,485.3200000000001,2.7354
64,X:DOGEUSD,0.0006500000000000117,0.9036563325455468,0.07195,0.073309,0.0709,0.07258,180900473.38273984,0.07199,[1],55984936,0.07258,4005.5,1.0,1684277032441,0.07258,0.07258,0.07257,0.07258,41539.6,0.07197,0.07375,0.0694273,0.07193,244361050.31775317,0.0723
65,X:AVAXUSD,-0.1999999999999993,-1.3253810470510223,15.08,15.17,14.74,14.89,311478.9083482943,14.9192,[1],30943320,14.89,1.671,1.0,1684277037296,14.89,14.89,14.89,14.89,1.738,15.03,15.35,14.81,15.09,351631.5113487373,15.2083
66,X:ZECUSD,0.22800000000000153,0.6930091185410382,32.93,33.363,32.633,33.128,26515.70288152,32.8978,[1],1365927310,33.128,0.05,2.0,1684276999166,33.128,33.128,33.128,33.128,0.2,32.925,33.6,32.41,32.9,18907.527020220034,33.1314
67,X:BADGERUSD,0.010000000000000231,0.39215686274510714,2.544,2.58,2.465,2.56,2083.2891744,2.5349,[1],2071166,2.56,0.029,1.0,1684276607268,2.56,2.56,2.56,2.56,0.391,2.54,2.6,2.5,2.55,5938.319230769999,2.5612
68,X:DVFUSD,-0.00042000000000008697,-0.05393258426967409,0.76,0.77875,0.76,0.77833,16409.4892273,0.7761,[1],1359735424,0.77833,329.624,2.0,1683102629172,0.76051,0.76051,0.76051,0.76051,47.926752,0.76,0.77875,0.76,0.77875,22359.9387564,0.7764
69,X:PNKUSD,-0.00015799999999999842,-0.6245799897220952,0.02523,0.025235,0.025,0.025139,1159062.4608021711,0.02516,[2],1365636806,0.025139,75.00013326,2.0,1684221561762,0.02514,0.02514,0.02514,0.02514,52728.88088112,0.02513,0.02536,0.025111,0.025297,342395.06927861995,0.0253
70,X:BONDUSD,-0.009999999999999787,-0.26455026455025893,3.77,3.85,3.71,3.77,51809.2954541,3.761,[1],5812707,3.77,0.265,1.0,1684276759243,3.77,3.77,3.77,3.77,0.265,3.69,3.92,3.67,3.78,29863.343834619962,3.7967
71,X:AXSUSD,-0.009999999999999787,-0.14684287812040803,6.81,7.83904,6.713,6.8,38940.31590431,6.786,[2],6659002,6.8,0.931,1.0,1684276840082,6.81,6.81,6.8,6.8,4.366,6.81,6.9159,6.709,6.81,13844.353679939983,6.8399
72,X:STORJUSD,0.0016299999999999648,0.5247231522018944,0.3114,0.31349,0.3047,0.31227,513427.3436676704,0.3093,[2],b5c89a27-17ec-4d7f-8cf5-bd59d656d37c,0.31227,32.02356935,23.0,1684277014272,0.31227,0.31227,0.31227,0.31227,59.20165241,0.3049,0.3147,0.3,0.31064,573432.1984482991,0.3107
73,X:XMRUSD,-0.5199999999999818,-0.3419477872032497,152.07,152.9,150.12,151.55,6103.88824208,151.6664,[2],1365886859,151.55,0.02653164,2.0,1684276935084,151.55,151.55,151.55,151.55,0.05306328,153.93,154.65,152.06,152.07,4428.69102048,153.5981
74,X:BTCJPY,-20942.0,-0.5654608254615598,3699642.0,3699642.0,3665608.0,3682586.0,0.00629612,3684837.8842,[2],409a8fbd-d829-4241-8221-d856b17d73e5,3682586.0,0.0002,23.0,1684272407228,3682586.0,3682586.0,3682586.0,3682586.0,0.0002,3653055.0,3759965.0,3648708.0,3703528.0,0.029082909999999986,3721938.5754
75,X:CLVUSD,0.0,0.0,0.048,0.0493,0.0472,0.0479,485781.5200000028,0.04798,[2],9388553,0.0479,2.53,1.0,1684277035267,0.0479,0.0479,0.0479,0.0479,51.14,0.0467,0.0488,0.0462,0.0479,400746.70999999985,0.0479
76,X:JSTUSD,-9.999999999999593e-06,-0.04264392324093643,0.023452,0.02447,0.023385,0.02344,5382769.323964795,0.02353,[2],1365886370,0.02344,81.22103197,2.0,1684268218307,0.02349,0.02349,0.02349,0.02349,222.88230424,0.023232,0.024088,0.023185,0.02345,2338413.7533010696,0.0235
77,X:DGBUSD,-2.040000000000028e-05,-0.255905264874497,0.0078612,0.0079942,0.0076662,0.0079513,124382.10171324,0.007851,[2],1365833959,0.0079513,329.04546194,2.0,1684276741076,0.0079513,0.0079513,0.0079513,0.0079513,658.09092388,0.007735,0.0080223,0.0076262,0.0079717,49842.361829869995,0.0079
78,X:RLCUSD,0.0029999999999998916,0.19630938358852845,1.5321,1.5576,1.5035,1.5312,75297.9862433,1.5291,[2],7416194,1.5312,0.78,1.0,1684276755349,1.5312,1.5312,1.5312,1.5312,0.78,1.4959,1.5478,1.4676,1.5282,78506.20420378986,1.5177
79,X:MIRUSD,-0.0010000000000000009,-1.7241379310344842,0.058,0.06,0.056,0.057,595024.1693539136,0.05799,[2],51a3a62c-2777-4b16-b5f7-b00839fc2cfc,0.057,51.40526315,23.0,1684275132905,0.057,0.057,0.057,0.057,51.40526315,0.058,0.06,0.058,0.058,160512.45642917004,0.0587
80,X:VGXUSD,0.004599999999999993,3.116531165311648,0.1476,0.156,0.1462,0.1522,2173387.9400000083,0.1502,[2],7531558,0.1522,2346.31,1.0,1684276879118,0.1523,0.1523,0.1522,0.1522,7444.36,0.1513,0.155,0.146,0.1476,3707080.3200000008,0.1514
81,X:CGLDUSD,0.026000000000000023,4.896421845574392,0.531,0.576,0.524,0.557,283921.1200000022,0.5554,[2],22056566,0.557,188.14,1.0,1684276676551,0.557,0.557,0.557,0.557,190.31,0.527,0.537,0.519,0.531,179418.6899999999,0.5305
82,X:TSDUSD,0.016199999999999992,1.6551216820940347,0.99926,0.99932,0.97886,0.99498,964.63819128,0.9931,[2],1365887683,0.99498,2.32740371,2.0,1684277020293,0.99498,0.99498,0.99498,0.99498,4.65480742,0.9989,0.99979,0.97875,0.97878,296.6744271,0.9965
83,X:ETCUSD,-0.05000000000000071,-0.27322404371585085,18.28,18.373,18.05,18.25,66462.91502512,18.1967,[2],33502713,18.25,1.91570881,1.0,1684276963143,18.25,18.25,18.25,18.25,1.91570881,18.12,18.49,17.862,18.3,94122.27652022998,18.2285
84,X:BOBAUSD,-0.00020000000000000573,-0.11689070718878185,0.1714,0.18417,0.16176,0.1709,155029.58974199,0.1736,[2],344854,0.1709,105.6,1.0,1684276902286,0.1709,0.1709,0.1709,0.1709,105.6,0.1712,0.1749,0.1694,0.1711,57556.62317761997,0.1725
85,X:BALUSD,-0.05400000000000027,-0.9722722362261481,5.57,5.63,5.43,5.5,7394.77761732,5.5434,[2],7699672,5.5,151.679,1.0,1684276828957,5.5,5.5,5.5,5.5,151.679,5.5715,5.63,5.46,5.554,6333.76219944,5.5643
86,X:SGBUSD,0.0001416000000000004,1.6941041347626387,0.0084,0.0088,0.0082,0.0085,10448436.045726674,0.008547,[1],a5d2b9ff-f875-48c7-8ddb-3a0abc38b5f0,0.0085,7444.99771,23.0,1684274170371,0.0085,0.0085,0.0085,0.0085,7444.99771,0.0083381,0.0087,0.0081,0.0083584,11157984.944591703,0.0084
87,X:ZMTUSD,0.0007490000000000031,2.742484713119268,0.025073,0.031721,0.025073,0.02806,15389.45878999,0.02885,[1],1363606050,0.02806,243.4384,2.0,1683806225620,0.02793,0.02806,0.02793,0.02806,5206.432044,0.027311,0.027311,0.027311,0.027311,287.3,0.0273
88,X:RARIUSD,-0.010000000000000009,-0.7407407407407414,1.35,1.38,1.31,1.34,17825.37885112,1.3435,[1],3239944,1.34,0.134,1.0,1684277040022,1.34,1.35,1.34,1.34,583.678,1.35,1.41,1.32,1.35,23953.187699860016,1.3573
89,X:XLMUSD,-0.0005710000000000021,-0.6485172691857781,0.088045,0.088715,0.0868,0.087476,47274798.706889406,0.08764,[1],8aa53be1-9ca1-4eea-99a2-6947a92c0e9a,0.087476,5258.34777181,23.0,1684277038802,0.087449,0.087497,0.087444,0.087476,10938.00861,0.088683,0.089374,0.0874,0.088047,45459932.174836226,0.0886
90,X:SNTUSD,-0.0002690000000000019,-1.0953214707439305,0.024556,0.024556,0.024048,0.02429,91137.29783243,0.02422,[1],1365931252,0.02429,92.42256901,2.0,1684276741265,0.02429,0.02429,0.02429,0.02429,184.84513802,0.02425,0.02476,0.023935,0.024559,173673.6263943002,0.0243
91,X:SPELLUSD,8.499999999999936e-06,1.4834205933682258,0.0005727,0.0005903,0.0005655,0.0005815,335292888.90127814,0.000578,[1],12435356,0.0005815,48191.0,1.0,1684276693154,0.0005814,0.0005815,0.0005814,0.0005815,276100.0,0.0005688,0.0005895,0.0005579,0.000573,321601893.20180815,0.0006
92,X:TRACUSD,0.007300000000000029,2.751601960045243,0.2655,0.2757,0.2563,0.2726,230980.5,0.2653,[1],4030755,0.2726,3.6,1.0,1684276806252,0.2726,0.2726,0.2726,0.2726,3.6,0.2915,0.2933,0.2601,0.2653,631573.7999999999,0.2741
93,X:COMPUSD,0.14000000000000057,0.4011461318051592,34.89,35.63,34.55,35.04,9790.11245491,35.0253,[2],24138309,35.04,0.141,1.0,1684277014955,35.05,35.05,35.04,35.04,4.761,34.86,35.52,34.3,34.9,7645.939812940019,35.1022
94,X:LUNAUSD,1.460000000000003e-06,1.624930439621595,9.5e-05,9.8e-05,8.73e-05,9.131e-05,925670587.2188457,9.031e-05,[2],547171cc-ec80-460c-b299-36ca9456e535,9.131e-05,1014259.37259,23.0,1684276818448,9.133e-05,9.133e-05,9.131e-05,9.131e-05,1214259.37259,8.9e-05,0.00010529,8.8e-05,8.985e-05,750645774.1707935,0.0001
95,X:NANOUSD,0.01544000000000001,2.141113822942091,0.721884,0.770494,0.720233,0.73656,31455.82023107,0.742,[2],a6720b38-5fb6-4e17-ac68-458e649d4456,0.73656,278.32084284,23.0,1684269382505,0.73656,0.73656,0.73656,0.73656,278.32084284,0.720254,0.79,0.703025,0.72112,150812.93997743,0.7497
96,X:PLANETSUSD,-0.00018099999999999995,-9.371925645937967,0.0019577,0.0019577,0.0017148,0.0017503,763762.322778904,0.001793,[1],1365876086,0.0017503,13766.98079624,2.0,1684273451199,0.0017503,0.0017503,0.0017503,0.0017503,27533.96159248,0.0018165,0.0020069,0.001801,0.0019313,644985.8304923497,0.0019
97,X:BTSEUSD,-0.011699999999999822,-0.5776636713735471,2.025,2.0401,2.0079,2.0137,210.34717912,2.0248,[1],1365704358,2.0137,1.23020137,2.0,1684233378049,2.0275,2.0275,2.0275,2.0275,2.92042955,2.0044,2.0436,2.0004,2.0254,72.13922216,2.0251
98,X:PLAUSD,0.0012000000000000066,0.6465517241379347,0.1859,0.1891,0.1833,0.1868,60845.28764044,0.1878,[1],4975080,0.1868,5.3,1.0,1684276421309,0.1868,0.1868,0.1868,0.1868,5.3,0.1855,0.1878,0.1835,0.1856,34903.71251634999,0.1862
99,X:GLMUSD,-0.002599999999999991,-1.1943040881947593,0.2164,0.2164,0.213,0.2151,33391.7,0.2153,[1],700435,0.2151,4.6,1.0,1684276353023,0.2151,0.2151,0.2151,0.2151,4.6,0.2156,0.2177,0.2112,0.2177,34531.90000000003,0.214
100,X:XVGUSD,-6.099999999999986e-06,-0.3193550075912248,0.001903,0.0019513,0.00189,0.001904,1661232.91336643,0.001898,[1],1365922006,0.001904,468.98402728,2.0,1684277029599,0.001904,0.001904,0.001904,0.001904,937.96805456,0.0018964,0.0019632,0.0018845,0.0019101,556861.4647876502,0.0019
101,X:IOTUSD,0.00137000000000001,0.7603929622023701,0.18024,0.18205,0.17833,0.18154,413787.6924685719,0.1805,[2],1365894597,0.18154,275.42898,2.0,1684276872366,0.18154,0.18154,0.18154,0.18154,550.85796,0.17678,0.18178,0.17458,0.18017,440951.3304829198,0.1799
102,X:BTCAUD,-15.299999999995634,-0.03774916298014995,40524.2,40768.3,40050.3,40515.4,11.99597756,40494.9672,[2],ffb18771-0967-4c91-b13a-eae879689b4c,40515.4,0.00270862,23.0,1684276920257,40515.3,40515.4,40515.3,40515.4,0.00493634,40566.7,41216.0,40309.0,40530.7,11.92985374999998,40886.9649
103,X:XRPUSD,0.00941000000000003,2.2020967892914047,0.4276,0.43868,0.41829,0.43673,57454033.63990176,0.424,[1],285244834,0.43673,2289.74423556,6.0,1684277035687,0.43639,0.43673,0.43625,0.43673,60339.55497336,0.4256,0.43053,0.42157,0.42732,4271644.537777838,0.4269
104,X:ZENUSD,0.07000000000000028,0.8474576271186476,8.24,8.48,8.1,8.33,22756.473,8.253,[2],1537825,8.33,2.5,1.0,1684277036023,8.33,8.34,8.32,8.33,79.654,8.28,8.49,8.14,8.26,23503.209999999985,8.3454
105,X:IMXUSD,-0.020000000000000018,-2.6346989856408927,0.7591,0.7623,0.7257,0.7391,1882016.6637661124,0.7417,[2],4836867,0.7391,200.0,1.0,1684277026221,0.7397,0.7398,0.7391,0.7391,4879.17,0.7499,0.7795,0.7315,0.7591,1555170.9647329247,0.7643
106,X:VELOUSD,-0.0001272999999999999,-4.9283778552071205,0.0026048,0.0027226,0.0024557,0.0024557,511525.6368563802,0.002638,[2],1365899511,0.0024557,303.03073614,2.0,1684272834422,0.0024557,0.0024557,0.0024557,0.0024557,606.06147228,0.0026616,0.0027226,0.002583,0.002583,74374.24816529,0.0027
107,X:REEFUSD,4.629999999999999e-05,2.1150244392672786,0.0021916,0.0022363,0.0021616,0.0022354,446262.2187863315,0.002217,[2],1365845002,0.0022354,507.19539997,2.0,1684276332820,0.0022354,0.0022354,0.0022354,0.0022354,1014.39079994,0.0021915,0.0022291,0.0021532,0.0021891,769953.54486172,0.0022
108,X:OCEANUSD,-0.005199999999999982,-1.5672091621458657,0.3307,0.334,0.3203,0.3266,684664.6494329384,0.3246,[1],0e007f61-d546-4d8c-bbfa-d55810eb3f34,0.3266,2780.58941622,23.0,1684276516730,0.3266,0.3266,0.3266,0.3266,2780.58941622,0.3346,0.35,0.3296,0.3318,963718.5917173004,0.3365
109,X:MNAUSD,0.009479999999999988,2.0295874456742786,0.46757,0.4777,0.46283,0.47657,46726.91031558,0.4712,[1],1365924625,0.47657,4.32352226,2.0,1684275955060,0.47657,0.47657,0.47657,0.47657,8.64704452,0.45685,0.47487,0.45165,0.46709,30101.321012250006,0.4627
110,X:QTFUSD,0.025800000000000267,0.29703312264705173,8.6859,8.7639,8.608,8.7117,8261.64690207,8.6778,[1],1365423101,8.7117,41.0,2.0,1684194331194,8.608,8.608,8.608,8.608,23.2,8.6599,8.7639,8.6599,8.6859,1199.0865408100003,8.7286
111,X:NEARUSD,0.0009999999999998899,0.060350030175008444,1.655,1.672,1.628,1.658,446967.4052462348,1.6492,[1],2649168,1.658,33.211,1.0,1684277023014,1.659,1.659,1.657,1.658,571.594,1.657,1.706,1.636,1.657,396989.93305581866,1.6761
112,X:SOLUSD,-0.33000000000000185,-1.5729265967588266,20.98,21.14,20.42,20.65,1426336.8523090414,20.7758,[1],86629469,20.65,28.941,1.0,1684277039092,20.65,20.65,20.64,20.65,73.91453102,20.94,21.53,20.6,20.98,1499894.5929833339,21.229
113,X:XRPAUD,0.019549999999999956,3.071532938459356,0.63759,0.65604,0.62765,0.65604,8144.96953334,0.6407,[2],c0e79e83-0659-4fda-b160-8999e6a403ed,0.65604,975.87433692,23.0,1684276823233,0.65604,0.65604,0.65604,0.65604,2762.40259736,0.64055,0.64328,0.63409,0.63649,8975.30860929,0.6389
114,X:EGLDUSD,-0.8100000000000023,-2.1115745568300373,38.411,38.507,37.16,37.55,1888.61259534,37.6861,[2],243928,37.55,7.431,1.0,1684276958131,37.57,37.57,37.55,37.55,26.0,38.418,39.32,37.938,38.36,2369.5042864200027,38.7685
115,X:TRIBEUSD,-0.006900000000000017,-2.3084643693543048,0.2989,0.3026,0.28,0.292,1750.14948674,0.2874,[2],16fd34e5-a4f1-4fb7-9085-34424f64cede,0.292,25.0,23.0,1684275579087,0.292,0.292,0.292,0.292,25.0,0.285,0.2989,0.2771,0.2989,1090.82342633,0.2788
116,X:TRUUSD,0.0011999999999999997,2.5423728813559316,0.0472,0.0487,0.0464,0.0484,1943932.7154394728,0.04775,[1],3358273,0.0484,3925.5,1.0,1684276527660,0.0484,0.0484,0.0484,0.0484,3925.5,0.0466,0.0485,0.0454,0.0472,2420311.27051467,0.0475
117,X:NKNUSD,0.0012999999999999956,1.3415892672858571,0.0973,0.0983,0.0956,0.0982,389059.4000000006,0.09677,[2],8513403,0.0982,10.5,1.0,1684276760038,0.0982,0.0982,0.0982,0.0982,10.5,0.0943,0.0976,0.093,0.0969,720545.7000000005,0.0956
118,X:REPUSD,-0.0387000000000004,-0.572959848395126,6.7518,7.2112,6.5061,6.7157,3898.92728015,6.8318,[1],1365863167,6.7157,3.3,2.0,1684264238811,7.017,7.1048,7.017,7.017,0.75877272,7.0893,7.1227,6.5019,6.7544,280.99271581,6.8657
119,X:KAVAUSD,-0.07500000000000007,-7.472352296502946,1.0042,1.0042,0.9261,0.9287,685761.396696304,0.9669,[1],814698,0.9287,4.25,1.0,1684276992914,0.9287,0.9287,0.9287,0.9287,4.25,1.0022,1.0465,0.9854,1.0037,762034.9401795865,1.0083
120,X:LRCUSD,0.00379999999999997,1.2982576016398941,0.2932,0.297,0.289,0.2965,1416457.8849360042,0.2929,[2],35446277,0.2965,1.0,1.0,1684276983948,0.2965,0.2965,0.2965,0.2965,175.424361,0.2892,0.29553,0.2832,0.2927,1536666.0404487995,0.2914
121,X:LTCAUD,3.8799999999999955,2.9910576626580294,130.13,135.4,128.61,133.6,120.88424507,131.9544,[1],5e76d310-b679-42b9-9263-4ca7201a04bf,133.6,0.06,23.0,1684267523639,133.6,133.6,133.6,133.6,0.06,125.42,131.89,124.56,129.72,238.39318724,129.8519
122,X:UDCUSD,-9.999999999998899e-05,-0.009994003597840195,1.0006,1.0007,1.0005,1.0005,423945.7599393918,1.0006,[1],1365821425,1.0005,149.91025386,2.0,1684258908515,1.0005,1.0005,1.0005,1.0005,24660.0,1.0003,1.0007,1.0002,1.0006,64971.38265701,1.0005
123,X:SUSHIUSD,0.005099999999999993,0.5730981009102138,0.8898,0.9021,0.8646,0.895,635252.5959768286,0.8883,[2],12002311,0.895,110.0,1.0,1684276633532,0.8951,0.8951,0.895,0.895,110.74,0.8974,0.91402,0.8848,0.8899,766637.0267024399,0.9009
124,X:FOXUSD,-0.00020000000000000226,-0.8163265306122541,0.0246,0.025,0.0241,0.0243,479413.7000000014,0.02442,[1],1704609,0.0243,57.1,1.0,1684276807140,0.0243,0.0243,0.0243,0.0243,2057.1,0.0251,0.0253,0.0243,0.0245,905018.3999999998,0.0249
125,X:WAVESUSD,0.013800000000000034,0.8673790069138928,1.5878,1.6215,1.5852,1.6048,10375.88500675,1.6016,[2],1be2b716-b44b-4356-8764-0488d7a2a659,1.6048,62.04057409,23.0,1684271953976,1.6045,1.6048,1.6045,1.6048,311.44886009,1.5517,1.6198,1.5263,1.591,9002.188413609998,1.5865
126,X:DOTUSD,-0.020400000000000418,-0.3840072283713654,5.313,5.338,5.2339,5.292,645471.2841726234,5.279,[1],25384883,5.292,0.181,1.0,1684277009479,5.29,5.292,5.2889,5.292,540.497,5.353,5.435,5.2654,5.3124,477385.88574791915,5.3726
127,X:BCHUSD,0.75,0.6462731581214994,116.02,117.66,114.05,116.8,25203.18074959,115.9453,[1],47397660,116.8,0.11452094,1.0,1684277040238,116.77,116.8,116.74,116.8,1.60571821,115.25,120.93,114.31,116.05,39772.655286200315,117.8862
128,X:QNTUSD,0.4000000000000057,0.3788955195604866,105.57,107.91,104.98,105.97,8319.20859883,105.9219,[2],13835118,105.97,0.018,1.0,1684276986809,105.97,105.97,105.97,105.97,0.018,107.19,110.04,105.34,105.57,11440.624490170047,107.689
129,X:LCXUSD,-0.0008000000000000021,-1.484230055658631,0.0537,0.05457,0.05147,0.0531,2685547.0153465862,0.05312,[1],5509186,0.0531,519.6,1.0,1684277037627,0.0531,0.0531,0.0531,0.0531,519.6,0.0516,0.05442,0.0506,0.0539,2716427.0850420822,0.0524
130,X:SNXUSD,0.05520000000000014,2.6313280579654945,2.094,2.167,2.063,2.153,204534.05585991,2.1096,[1],35a002ee-1854-4fd1-84af-569ca7ff49ed,2.153,116.11704598,23.0,1684276869821,2.153,2.153,2.153,2.153,116.11704598,2.064,2.132,2.025,2.0978,166181.2187144803,2.1028
131,X:ALGOUSD,0.0030000000000000027,1.7985611510791384,0.1669,0.17061,0.1647,0.1698,8945392.010202156,0.1681,[1],64292128,0.1698,29.3,1.0,1684277033245,0.16969,0.1698,0.16969,0.1698,188.3,0.1632,0.1688,0.1609,0.1668,13813976.09386463,0.1661
132,X:TRBUSD,0.1899999999999995,1.5952980688497018,11.93,12.2,11.76,12.1,9716.407,11.9725,[2],3389261,12.1,5.781,1.0,1684276804691,12.1,12.1,12.1,12.1,12.381,11.56,12.01,11.34,11.91,3861.773999999999,11.7677
133,X:NEOUSD,-0.09750000000000014,-1.0456661161279268,9.3227,9.3801,9.1818,9.2267,3915.16251669,9.2688,[2],1365753878,9.2267,42.0,2.0,1684253050799,9.3258,9.3264,9.3229,9.3258,347.88168132,9.0978,9.4174,8.9448,9.3242,7734.082922470003,9.2748
134,X:AMPUSD,-1.0000000000000026e-05,-0.33557046979865857,0.00297,0.00309,0.00291,0.00297,89746294.92039986,0.002969,[1],33327222,0.00297,19876.0,1.0,1684277026856,0.00297,0.00297,0.00295,0.00297,30185.0,0.00293,1.0408,0.00291,0.00298,76296879.9674101,0.003
135,X:NCTUSD,-0.00012000000000000031,-1.321585903083704,0.00908,0.00915,0.00887,0.00896,2260724.0,0.009004,[2],4047202,0.00896,618.0,1.0,1684276317525,0.00896,0.00896,0.00896,0.00896,618.0,0.00875,0.00924,0.00871,0.00908,5383921.0,0.0089
136,X:ICPUSD,-0.006999999999999673,-0.13366431162878886,5.235,5.479,5.155,5.23,373424.6425513833,5.2259,[1],26420450,5.23,1.0435,1.0,1684277024495,5.229,5.23,5.229,5.23,9.0435,5.196,5.391,5.115,5.237,395973.2316248089,5.2936
137,X:FARMUSD,-0.370000000000001,-1.2941587967820951,28.64,28.68,27.39,28.22,404.84882188,28.2555,[1],8365590,28.22,0.035,1.0,1684276977788,28.22,28.22,28.22,28.22,0.035,27.95,29.39,27.8,28.59,1631.3265379400016,28.6554
138,X:BTCEUR,-136.97000000000116,-0.5481635101674632,24981.4,25104.75,24697.7,24850.1,2056.76227725,24885.7034,[2],65ac6b18-163b-4fa4-83fb-28732e865ce5,24850.1,0.00792932,23.0,1684277033082,24843.0,24850.1,24842.44,24850.1,0.0459304,24813.1,25440.07,24637.0,24987.07,1876.1514372399579,25178.7673
139,X:ADAUSD,0.00020000000000003348,0.05449591280654863,0.367,0.3708,0.361387,0.3672,40503403.92450778,0.3666,[1],94884074,0.3672,5.45,1.0,1684277037655,0.367,0.3672,0.367,0.3672,4426.4,0.3711,0.376,0.3656,0.367,30148099.25697747,0.371
140,X:PAXGUSD,-22.339999999999918,-1.1064828802234719,2019.0,2019.0,1992.7,1996.67,60.38977623,2007.2821,[1],0a9aa2d8-c7ae-46f8-8726-71970af88e5a,1996.67,0.05,23.0,1684273279489,1996.67,1996.67,1996.67,1996.67,0.05,2022.34,2031.75,2018.39,2019.01,74.51393241999997,2024.0093
141,X:ASMUSD,0.0005600000000000015,5.70846075433233,0.00981,0.01062,0.00968,0.01037,6198373.0,0.01027,[1],5298123,0.01037,597.0,1.0,1684277018478,0.01037,0.01037,0.01037,0.01037,1791.0,0.00979,0.01017,0.00952,0.00981,2015991.0,0.0099
142,X:YFIUSD,-81.96000000000004,-1.188806421527318,6893.63,7005.33,6754.81,6812.35,118.13300463,6820.3372,[2],23776856,6812.35,0.046265,1.0,1684276954898,6814.14,6814.14,6812.35,6812.35,0.129869,6835.16,7038.4,6732.29,6894.31,263.6298581699915,6867.6384
143,X:FTMUSD,-0.003679999999999961,-0.9593826581156373,0.3831,0.38596,0.3719,0.3799,2377654.8798446753,0.376,[1],1c2f1144-49e0-4355-95fb-fff68a33ed93,0.3799,1236.89860864,23.0,1684276804453,0.38,0.38,0.3799,0.3799,1500.0,0.37015,0.3982,0.3625,0.38358,3150998.473495042,0.3857
144,X:FCLUSD,0.0009600000000000025,2.7881040892193383,0.0341,0.035757,0.033909,0.035392,76307.27148587,0.03449,[2],1365917038,0.035392,108.05628048,2.0,1684276793514,0.035392,0.035392,0.035392,0.035392,216.11256096,0.035519,0.035994,0.033035,0.034432,66702.90808806001,0.0343
145,X:POLYUSD,-0.0033999999999999864,-1.897321428571421,0.1787,0.181,0.1753,0.1758,57622.0,0.1777,[2],7557774,0.1758,10.0,1.0,1684275803259,0.1774,0.1774,0.1758,0.1758,19.0,0.1861,0.1866,0.177,0.1792,132486.0,0.1807
146,X:XAUTUSD,-28.0,-1.3852471181912631,2006.8,2014.9,1992.0,1993.3,2691.0756998,2006.8253,[2],1365832214,1993.3,4.99994294,2.0,1684254740537,1995.0,1995.0,1995.0,1995.0,0.6265664,2014.5,2022.8,2014.5,2021.3,0.5463363699999999,2018.5419
147,X:GNTUSD,-0.006720000000000004,-3.081438004402056,0.2177,0.21809,0.21017,0.21136,9747.82927303,0.2125,[1],1365915060,0.21136,1627.56416916,2.0,1684276198417,0.21136,0.21136,0.21119,0.21136,5125.6,0.21658,0.21875,0.21151,0.21808,945.93835659,0.2162
148,X:API3USD,-0.03699999999999992,-2.759134973900069,1.34,1.354,1.294,1.304,46669.43548064,1.3223,[2],ee985f60-aac1-420c-a6eb-b2cb1616b2a2,1.304,7.668712,23.0,1684276624533,1.304,1.304,1.304,1.304,7.668712,1.312,1.369,1.295,1.341,61783.71210830989,1.3459
149,X:FILUSD,-0.02200000000000024,-0.49415992812219767,4.454,4.491,4.373,4.43,539911.7676379908,4.425,[1],20252343,4.43,15.723,1.0,1684276942588,4.429,4.43,4.429,4.43,274.424,4.454,4.541,4.369,4.452,481628.0936483089,4.4816
150,X:OMGUSD,0.0009099999999999664,0.11417816813048512,0.799052,0.823,0.7811,0.79791,232702.95521813,0.8022,[1],1365926022,0.79791,1.5,2.0,1684276809984,0.799226,0.799226,0.79791,0.79791,203.0,0.82782,0.837,0.797,0.797,131116.11587885005,0.8144
151,X:1INCHUSD,0.0020000000000000018,0.48309178743961395,0.414,0.422,0.41,0.416,85453.99328715,0.4151,[1],5878718,0.416,1036.46,1.0,1684275806188,0.416,0.416,0.416,0.416,2408.0,0.41344,0.42113,0.406,0.414,140909.2284488999,0.417
152,X:COTIUSD,0.0010999999999999899,1.5850144092218874,0.0693,0.0711,0.068,0.0705,793536.1505176948,0.06982,[1],6874143,0.0705,14.1,1.0,1684276531970,0.0705,0.0705,0.0705,0.0705,14.1,0.0678,0.071,0.0666,0.0694,1869370.1315546806,0.0692
153,X:ROSEUSD,0.0006200000000000025,1.164319248826296,0.05326,0.05436,0.05238,0.05387,1685698.000000008,0.05336,[1],1872394,0.05387,18.5,1.0,1684276883406,0.05387,0.05387,0.05387,0.05387,18.5,0.05333,0.05486,0.05225,0.05325,4704563.799999994,0.0537
154,X:BTCUSD,-183.72999999999956,-0.6761956532540221,27166.2,27313.0,26850.1,26987.4,16846.7460182,27058.7045,[1],531401142,26987.4,0.01094824,1.0,1684277041851,26989.28,27014.0,26985.3,26985.4,2.99444208,26929.98,27678.73,26727.8,27171.13,17056.646549623147,27326.8147
155,X:ZRXUSD,0.00643100000000002,2.888376876816192,0.222394,0.23014,0.220036,0.229082,1167051.6383501561,0.2261,[1],22910022,0.229082,417.43128,1.0,1684277010696,0.229082,0.229082,0.229082,0.229082,417.43128,0.222049,0.22627,0.217966,0.222651,1583208.3812063583,0.2225
156,X:BTGUSD,0.7949999999999999,7.095046854082998,13.2,13.27,11.205,12.0,1613.95656438,12.1683,[1],1365930386,12.0,0.23289037,2.0,1684276244751,12.0,12.0,12.0,12.0,0.46578074,12.277,13.271,11.205,11.205,125.35647631,12.3016
157,X:DASHUSD,1.2269999999999968,2.9193433261955666,42.01,43.58,41.51,43.257,2135.75959195,42.7421,[1],93f7c6b6-06b0-4d81-b2da-2d201dcb39b3,43.257,2.53863223,23.0,1684276967701,43.287,43.287,43.257,43.257,50.0,41.24,42.83,40.33,42.03,4410.43700388999,42.0277
158,X:SANDUSD,0.01197999999999999,2.385883852465544,0.5029,0.5153,0.4939,0.5141,681537.8676159144,0.5046,[1],3332981,0.5141,101.12,1.0,1684276977818,0.51299,0.5141,0.51299,0.5141,553.77879959,0.5038,0.514,0.4955,0.50212,812536.6605880484,0.5068
159,X:KEEPUSD,-0.0007600000000000107,-0.5645101388992132,0.1345,0.1345,0.13094,0.13387,31977.83786806,0.1333,[2],a4759422-10bb-4e4c-a292-0e8643268b0a,0.13387,31.37446776,23.0,1684274731603,0.13387,0.13387,0.13387,0.13387,31.37446776,0.13187,0.138,0.12925,0.13463,61971.63352485001,0.1356
160,X:SCUSD,-5.000000000000013e-05,-1.453488372093027,0.00345,0.00345,0.00337,0.00339,6376394.473600822,0.003377,[1],0c442a77-05ec-49fe-9139-77625822bde2,0.00339,4308.52725189,23.0,1684276113367,0.00339,0.00339,0.00339,0.00339,4308.52725189,0.00342,0.00348,0.00336,0.00344,2155123.7334428006,0.0034
161,X:RNDRUSD,0.13819999999999988,7.694020710388591,1.7948,1.987,1.7731,1.9344,2800443.365029858,1.8896,[2],4756839,1.9344,24.71,1.0,1684277032705,1.9358,1.9363,1.9344,1.9344,142.54,1.8268,1.8988,1.7929,1.7962,1920142.1112150622,1.8371
162,X:AVTUSD,-0.010000000000000009,-0.9615384615384623,1.05,1.08,1.02,1.03,42201.06,1.0398,[2],1862148,1.03,118.71,1.0,1684273947789,1.03,1.03,1.03,1.03,118.71,1.03,1.11,1.02,1.04,43874.669999999955,1.0703
163,X:UNIUSD,0.0259999999999998,0.5078124999999961,5.125,5.153,5.039,5.146,129775.91168953,5.0983,[2],32153766,5.146,13.000114,1.0,1684276520687,5.149,5.149,5.146,5.146,52.227148,5.144,5.222,5.074,5.12,253753.0836794888,5.1581
164,X:VSYUSD,8.999999999999894e-06,0.7373422906767075,0.0012207,0.0012332,0.0012073,0.0012296,3033203.1009512623,0.001222,[2],1365863505,0.0012296,7678.44,2.0,1684264150571,0.0012166,0.0012166,0.0012166,0.0012166,33805.92,0.0013152,0.001318,0.0012012,0.0012206,3300168.6162140197,0.0013
165,X:QRDOUSD,-0.003689999999999999,-3.5186421283493834,0.10323,0.10427,0.10025,0.10118,48087.86473805,0.1029,[2],1365899732,0.10118,6.52960036,2.0,1684276793874,0.10118,0.10118,0.10118,0.10118,13.05920072,0.10272,0.10546,0.1015,0.10487,25747.19780178,0.1041
166,X:DSHUSD,1.2520000000000024,2.970414481956873,42.0,43.554,41.516,43.401,2739.66502791,42.9336,[1],1365888894,43.401,0.05667057,2.0,1684275290705,43.401,43.401,43.401,43.401,0.11334114,41.296,42.788,40.403,42.149,764.3493514600004,42.1195
167,X:AUCTIONUSD,0.05999999999999961,1.2320328542094374,4.86,4.97,4.83,4.93,2288.922,4.8968,[1],5393813,4.93,0.117,1.0,1684276566025,4.93,4.93,4.93,4.93,0.117,4.85,4.96,4.82,4.87,2829.5850000000014,4.9131
168,X:PASUSD,-9.999999999999159e-07,-0.057527469366617734,0.0017383,0.0017383,0.0017028,0.0017373,4452360.673368201,0.001727,[1],1336076308,0.0017373,2960.02,2.0,1679514480735,0.0017373,0.0017373,0.0017373,0.0017373,14800.1,0.0017383,0.0017383,0.0017028,0.0017383,1780464.26934728,0.001727
169,X:ARPAUSD,-0.000999999999999994,-2.008032128514044,0.0498,0.051,0.0481,0.0488,2635613.971294103,0.0493,[1],2325254,0.0488,81.5,1.0,1684276935410,0.0488,0.0488,0.0488,0.0488,81.5,0.0518,0.0523,0.0493,0.0498,4150899.3766278154,0.0508
170,X:BANDUSD,0.013000000000000123,0.9002770083102579,1.441,1.457,1.418,1.457,43075.57704003,1.4345,[1],10922037,1.457,82.34,1.0,1684276272052,1.457,1.457,1.457,1.457,131.34,1.4455,1.472,1.42,1.444,72571.82956732999,1.4527
171,X:USDCUSD,-9.999999999998899e-05,-0.0100010001000089,0.9999,1.00005,0.9989,0.9998,19485913.659969453,0.9998,[1],879a98e1-71b0-4a9e-a4ff-753eee277d05,0.9998,28.7838,23.0,1684277038225,0.9998,0.9999,0.9998,0.9998,9955.35930147,0.9999,1.0,0.9997,0.9999,11868014.004146552,0.9999
172,X:GNOUSD,0.20000000000000284,0.1699090986322342,115.0,118.6,110.13,117.91,1937.25882081,115.941,[1],241065,117.91,3.7803,1.0,1684276293559,117.89,117.91,117.89,117.91,15.3583,111.78,118.29,111.0,117.71,1700.7199862300006,115.7018
173,X:ETHBTC,0.0007392099999999902,1.1057741211667764,0.06688,0.06765367,0.06659,0.06758921,2331.53523207,0.0671,[1],285244570,0.06758921,0.098634,6.0,1684276757159,0.06758921,0.06758921,0.06758921,0.06758921,0.098634,0.06684,0.06734,0.06655,0.06685,3522.211031669991,0.0668
174,X:QUICKUSD,-1.1000000000000014,-1.8577942915048158,59.34,59.34,57.4,58.11,184.8507,57.8927,[1],2165428,58.11,3.1508,1.0,1684276268652,58.11,58.11,58.11,58.11,3.1508,59.09,60.83,59.0,59.21,422.8350999999999,59.8048
175,X:ATOMUSD,0.07399999999999984,0.6853120948323749,10.802,11.0,10.6827,10.872,228997.5547604305,10.8205,[2],50028496,10.872,0.12,1.0,1684277040414,10.872,10.876,10.872,10.873,106.06,10.9212,11.112,10.7326,10.798,299176.13878726715,10.9401
176,X:SWFTCUSD,-5.600000000000006e-05,-5.123513266239713,0.001091,0.0012,0.001028,0.001037,453620429.0,0.001078,[2],932515,0.001037,633.0,1.0,1684276969572,0.001037,0.001037,0.001037,0.001037,633.0,0.00124,0.001278,0.001058,0.001093,472447443.0,0.0011
177,X:BNTUSD,-0.004599999999999993,-1.0944563407090158,0.4206,0.426,0.4126,0.4157,233583.5882472,0.4202,[2],7011612,0.4157,2.907256,1.0,1684276946566,0.4157,0.4157,0.4157,0.4157,5.814512,0.4135,0.4326,0.408,0.4203,428880.88455295784,0.4188
178,X:WAXUSD,0.010234,18.034433538336827,0.056747,0.066981,0.054307,0.066981,224755.08217212,0.05691,[1],1359990018,0.066981,1329.94936971,2.0,1683158643234,0.066847,0.066981,0.066847,0.066981,10545.67150224,0.056634,0.056747,0.056634,0.056747,15904.74046696,0.0567
179,X:GALAUSD,0.001800000000000003,5.901639344262305,0.0306,0.03261,0.013,0.0323,52000531.24564655,0.03051,[1],18dea7e8-59f1-491c-a902-4cfa5287e707,0.0323,5423.80613981,23.0,1684276632320,0.0323,0.0323,0.0323,0.0323,5423.80613981,0.030521,0.0338,0.025,0.0305,60586381.60269162,0.0303
180,X:COVALUSD,3.0000000000000512e-05,0.3271537622682717,0.00906,0.00956,0.00906,0.0092,10379783.0,0.009263,[2],6029298,0.0092,393.0,1.0,1684276714559,0.0092,0.0092,0.0092,0.0092,393.0,0.00971,0.00982,0.00898,0.00917,18357598.0,0.0094
181,X:STXUSD,0.0040999999999999925,0.6473002841806115,0.6339,0.6492,0.6228,0.6375,2073608.7097191047,0.6344,[1],2909084,0.6375,27.09,1.0,1684276881452,0.6375,0.6375,0.6375,0.6375,27.09,0.6268,0.6516,0.6136,0.6334,1574297.5893072218,0.6364
182,X:MOBUSD,0.03425,4.743110372524582,0.72451,0.77141,0.7128,0.75635,3121.98632684,0.7439,[2],1365931241,0.75635,2.65947749,2.0,1684276624420,0.75635,0.75635,0.75635,0.75635,5.31895498,0.71625,0.74715,0.70356,0.7221,997.21969033,0.727
183,X:MKRUSD,-3.6299999999999955,-0.5704407951598955,636.3,643.93,623.25,632.72,1864.47049846,629.7025,[1],20783387,632.72,0.2,1.0,1684276940660,632.53,632.72,632.53,632.72,1.658179,626.51,646.04,618.8,636.35,2179.010342600022,635.4291
184,X:CRPTUSD,0.0004000000000000045,0.6535947712418375,0.0616,0.0645,0.0608,0.0616,327280.5000000008,0.06254,[2],2562929,0.0616,238.9,1.0,1684275095504,0.0616,0.0616,0.0616,0.0616,238.9,0.0619,0.0628,0.06,0.0612,261449.10000000006,0.0617
185,X:LSKUSD,-0.007489000000000079,-0.8722724742068807,0.855908,0.855908,0.840928,0.851073,4690.38924653,0.8507,[1],57b1fdb0-6dcc-4b59-bdda-96a3387412e9,0.851073,73.00445019,23.0,1684272690512,0.851023,0.851073,0.851023,0.851073,506.6,0.838296,0.860064,0.837136,0.858562,30954.70040616,0.8512
186,X:ANKRUSD,-0.00051,-1.8937987374675087,0.02697,0.02698,0.02605,0.02642,12450567.798481463,0.02641,[2],19611966,0.02642,3025.0,1.0,1684276881918,0.02642,0.02642,0.02642,0.02642,3025.0,0.02563,0.02877,0.02519,0.02693,46496239.21378117,0.0274
187,X:USDTUSD,-0.000280000000000058,-0.02799328161241882,1.00023,1.0015,0.99974,0.99996,164188746.09068945,1.0002,[2],f5541e08-f364-4fe0-8b5d-f53fef046d65,0.99996,111.650049,23.0,1684277041081,0.99996,1.00013,0.99995,1.00013,66560.09142197,1.00047,1.00061,0.99986,1.00024,170028444.32507175,1.0003
188,X:IOTXUSD,0.00024000000000000063,0.9230769230769256,0.02603,0.02686,0.02539,0.02624,2822997.0,0.02609,[2],12890686,0.02624,15.0,1.0,1684277029827,0.02623,0.02624,0.02622,0.02624,9729.0,0.02584,0.02777,0.02553,0.026,6812262.0,0.0268
189,X:APEUSD,0.06499999999999995,1.9310754604872236,3.365,3.46,3.329,3.431,397727.2493502389,3.4147,[2],15739501,3.431,107.8,1.0,1684277035506,3.43,3.431,3.43,3.431,207.8,3.309,3.4219,3.278,3.366,490165.7849682997,3.3619
190,X:CLOUSD,-1.1599999999999848e-05,-0.8152364888607667,0.0014263,0.0014304,0.0014041,0.0014113,13948180.98659424,0.001418,[2],1365886860,0.0014113,10000.0,2.0,1684277008658,0.0014113,0.0014113,0.0014113,0.0014113,20000.0,0.0014137,0.0014626,0.0014129,0.0014229,6704757.610417521,0.0014
191,X:CTSIUSD,0.0012999999999999956,0.7615700058582283,0.1706,0.1802,0.1674,0.172,2012223.0621406888,0.1729,[2],9748639,0.172,7.0,1.0,1684276946825,0.172,0.172,0.172,0.172,7.0,0.1684,0.1772,0.1639,0.1707,1911992.7084950765,0.1722
192,X:CROUSD,-0.000899999999999998,-1.4018691588785017,0.0642,0.0643,0.0629,0.0633,3417729.900000004,0.06339,[1],21918616,0.0633,155.6,1.0,1684276983077,0.0633,0.0633,0.0633,0.0633,155.6,0.0642,0.0648,0.0632,0.0642,5363862.2000000235,0.0642
193,X:TRXUSD,0.00026099999999999735,0.3715090955675084,0.070324,0.070801,0.069981,0.070515,7564561.297136255,0.07047,[1],04d89b48-97cc-4cff-a041-185a56c30988,0.070515,434.6625,23.0,1684276960668,0.070528,0.070528,0.070515,0.070515,792.959712,0.069387,0.07066,0.06915,0.070254,4913613.897778172,0.0701
194,X:REQUSD,0.0005000000000000004,0.5662514156285395,0.0885,0.0901,0.0878,0.0888,225738.45112965,0.08905,[2],10232831,0.0888,255.0,1.0,1684276003492,0.0889,0.0889,0.0888,0.0888,1941.0,0.0892,0.0904,0.0882,0.0883,242428.84783417,0.0894
195,X:XRDUSD,0.0026760000000000117,3.5740520614908067,0.074873,0.08037,0.074851,0.077549,1800555.0606671723,0.07851,[1],1365899759,0.077549,88.49238427,2.0,1684277030144,0.077585,0.077585,0.077549,0.077549,2152.03977154,0.072725,0.080069,0.0712,0.074873,2042331.684882141,0.0757
196,X:VETUSD,7.000000000000062e-06,0.03595644133963459,0.01949,0.019793,0.019276,0.019475,1550555.0402748757,0.01952,[1],1365933308,0.019475,893.0,2.0,1684276803210,0.019475,0.019475,0.019475,0.019475,1786.0,0.019225,0.019676,0.019016,0.019468,1462039.1374937203,0.0195
197,X:WBTCUSD,-189.36000000000058,-0.6957615715922364,27185.51,27579.4,26601.5,27026.86,1.0003041,27039.588,[1],1549169,27026.86,3.682e-05,1.0,1684276123176,27026.86,27026.86,27026.86,27026.86,3.682e-05,26962.3,27699.8,26762.94,27216.22,3.3817402200000153,27078.6468
198,X:QTMUSD,0.01739999999999986,0.6619493266377485,2.5904,2.6643,2.4879,2.646,3271.54680452,2.5856,[2],1363431987,2.646,86.56601457,2.0,1683746382371,2.5901,2.5901,2.5901,2.5901,12.0,2.5615,2.6332,2.5615,2.6286,78.52297826,2.6277
199,X:EDOUSD,0.017979999999999996,14.941000498587332,0.12116,0.14736,0.12,0.13832,132019.39647046,0.1433,[1],1365912962,0.13832,15.09999999,2.0,1684276194800,0.13832,0.13832,0.13832,0.13832,30.19999998,0.12301,0.12544,0.12013,0.12034,1971.33068259,0.1225
200,X:DAIUSD,-9.999999999998899e-05,-0.009999999999998899,0.9999,1.02746,0.97511,0.9999,2102481.6936803563,1.0001,[2],21502791,0.9999,8.87,1.0,1684277017737,0.9999,0.9999,0.9999,0.9999,8.87,0.99987,1.0048,0.9981,1.0,1664171.9757235858,1.0
201,X:UOSUSD,0.0007900000000000129,0.3814950743674005,0.2078,0.20881,0.20682,0.20787,35738.54514544,0.2071,[1],1365927296,0.20787,8.32003607,2.0,1684276752373,0.20787,0.20787,0.20774,0.20787,60.0,0.2072,0.20923,0.20681,0.20708,54721.40577481997,0.2077
202,X:MLNUSD,0.3000000000000007,1.6420361247947495,18.25,18.98,17.718,18.57,2058.84558374,18.7564,[2],5445065,18.57,0.019,1.0,1684276745540,18.57,18.57,18.57,18.57,0.019,18.23,18.894,17.907,18.27,1316.2911209000017,18.531
203,X:DUSKUSD,0.0016599999999999948,1.1510990916025203,0.14392,0.14618,0.14145,0.14587,93858.23130806,0.1444,[2],1365923638,0.14587,26.70159183,2.0,1684276402897,0.14587,0.14587,0.14587,0.14587,53.40318366,0.14095,0.14487,0.13858,0.14421,41101.46888003001,0.1422
204,X:SKLUSD,0.00010000000000000286,0.3115264797507878,0.0322,0.0326,0.0316,0.0322,6735057.70401863,0.03215,[2],14204209,0.0322,17796.2,1.0,1684277035516,0.0322,0.0322,0.0322,0.0322,24826.9,0.0319,0.0329,0.0314,0.0321,10186009.599999988,0.0324
205,X:KNCUSD,-0.0043999999999999595,-0.7246376811594137,0.60722,0.6101,0.59766,0.6028,91981.52889189,0.6024,[2],13836436,0.6028,5.9,1.0,1684276950586,0.6028,0.6028,0.6028,0.6028,5.9,0.601,0.61579,0.5937,0.6072,88139.37140338993,0.6086
206,X:KSMUSD,0.16999999999999815,0.6630265210608352,25.67,27.65,25.33,25.81,10661.45341126,25.6696,[1],a07474b2-e173-4153-8b60-32c31c52e14f,25.81,0.2,23.0,1684277006986,25.81,25.81,25.81,25.81,0.2,25.44,26.052,25.09,25.64,6077.3130138499155,25.8445
207,X:ZILUSD,8.700000000000027e-05,0.3605470368835486,0.024186,0.024296,0.02392,0.024217,2472775.564641653,0.02417,[2],1365666962,0.024217,20647.0,2.0,1684224603360,0.024296,0.024296,0.024296,0.024296,190.30214253,0.023854,0.024513,0.023696,0.02413,84067.01124853999,0.0241
208,X:BTCGBP,-65.29999999999927,-0.3008107610097626,21699.0,21810.16,21461.24,21642.7,301.07968938,21641.54,[1],c3112c2c-c364-4b5d-ba99-57b4d578e930,21642.7,0.000315,23.0,1684277007284,21642.7,21642.7,21642.7,21642.7,0.000315,21634.7,22091.69,21476.0,21708.0,331.4705150400011,21874.4635
209,X:LYMUSD,7.82999999999999e-05,4.488906724760643,0.001724,0.0018677,0.0017213,0.0018226,596601.4991600818,0.001791,[1],1365845005,0.0018226,1263.06646758,2.0,1684276347786,0.0018226,0.0018226,0.0018226,0.0018226,2526.13293516,0.0017834,0.0018445,0.0017016,0.0017443,101968.98949335,0.0018
210,X:BTRSTUSD,0.0050000000000000044,0.6587615283267463,0.756,0.772,0.744,0.764,63706.64,0.7545,[2],2114196,0.764,11.76,1.0,1684277020080,0.764,0.764,0.764,0.764,11.76,0.764,0.776,0.75,0.759,27451.259999999987,0.7605
211,X:FLOWUSD,0.0030000000000000027,0.39318479685452196,0.762,0.767,0.75,0.766,284577.288282861,0.7589,[1],1223050,0.766,3.897,1.0,1684277031051,0.766,0.766,0.766,0.766,3.897,0.756,0.779,0.743,0.763,156487.83083496016,0.7643
212,X:FORTHUSD,-0.009999999999999787,-0.3448275862068892,2.91,2.92,2.86,2.89,7243.97781326,2.8915,[2],6741820,2.89,0.101,1.0,1684274977017,2.89,2.89,2.89,2.89,0.101,2.88,2.97,2.86,2.9,17008.841023210014,2.9229
213,X:ENJUSD,0.007999999999999952,2.3668639053254292,0.339,0.346,0.32394,0.346,594364.8778088988,0.3388,[1],10337065,0.346,140.89,1.0,1684277030516,0.346,0.346,0.346,0.346,140.89,0.337,0.345,0.332,0.338,686986.2828858111,0.3401
214,X:SHIBUSD,-4.000000000000131e-08,-0.45506257110354165,8.8e-06,8.86e-06,8.67e-06,8.75e-06,578471004770.2533,8.756e-06,[1],99102693,8.75e-06,17727183.0,1.0,1684277041152,8.75e-06,8.75e-06,8.74e-06,8.75e-06,32949105.0,8.78e-06,8.92e-06,8.66e-06,8.79e-06,566685113884.1143,0.0
215,X:PERPUSD,0.0025000000000000577,0.40368157597288196,0.6191,0.6261,0.6084,0.6218,129695.87717378,0.6171,[2],2118512,0.6218,71.895,1.0,1684276052618,0.6226,0.6226,0.6218,0.6218,204.456,0.6048,0.6254,0.6003,0.6193,227140.93052752985,0.6162
216,X:SUKUUSD,0.0003999999999999976,0.6700167504187564,0.0599,0.06131,0.05711,0.0601,315625.5885181607,0.05955,[1],3530461,0.0601,82.8,1.0,1684276607400,0.0601,0.0601,0.0601,0.0601,82.8,0.0593,0.0601,0.0589,0.0597,263033.1526958504,0.0598
